frame_id,class_name,object_id,track_id,is_3D_complete,in_image_borders,does_overlap,is_front_fish,aspect_ratio,fish_3d_ok,overlapping_fish_ids,fish_direction,elevation_deg,azimuth_deg,raw_length,filtered_length,spine_length,gt,abs_error_cm,rel_error_%,fish_dist_from_camera
frame_0,0,255,1,1,False,False,True,1.186619758605957,False,[],,,,,,,33.5,,,
frame_1,0,255,1,1,False,False,True,1.1709116697311401,False,[],,,,,,,33.5,,,
frame_2,0,255,1,1,False,False,True,1.240661382675171,False,[],,,,,,,33.5,,,
frame_3,0,255,1,1,False,False,True,1.2765841484069824,False,[],,,,,,,33.5,,,
frame_4,0,255,1,1,False,False,True,1.2816044092178345,False,[],,,,,,,33.5,,,
frame_5,0,255,1,1,False,False,True,1.2715637683868408,False,[],,,,,,,33.5,,,
frame_6,0,255,1,1,False,False,True,1.2533122301101685,False,[],,,,,,,33.5,,,
frame_7,0,255,1,1,False,False,True,1.2452226877212524,False,[],,,,,,,33.5,,,
frame_8,0,255,1,1,False,False,True,1.2653383016586304,False,[],,,,,,,33.5,,,
frame_9,0,255,1,1,False,False,True,1.2571004629135132,False,[],,,,,,,33.5,,,
frame_10,0,255,1,1,False,False,True,1.248803973197937,False,[],,,,,,,33.5,,,
frame_11,0,255,1,1,False,False,True,1.2393816709518433,False,[],,,,,,,33.5,,,
frame_12,0,255,1,1,False,False,True,1.226911187171936,False,[],,,,,,,33.5,,,
frame_13,0,255,1,1,False,False,True,1.2330929040908813,False,[],,,,,,,33.5,,,
frame_14,0,255,1,1,False,False,True,1.2198047637939453,False,[],,,,,,,33.5,,,
frame_15,0,255,1,1,False,False,True,1.2500357627868652,False,[],,,,,,,33.5,,,
frame_16,0,255,1,1,False,False,True,1.2639082670211792,False,[],,,,,,,33.5,,,
frame_17,0,255,1,1,False,False,True,1.260671615600586,False,[],,,,,,,33.5,,,
frame_18,0,255,1,1,False,False,True,1.2680813074111938,False,[],,,,,,,33.5,,,
frame_19,0,255,1,1,False,False,True,1.2711174488067627,False,[],,,,,,,33.5,,,
frame_20,0,255,1,1,False,False,True,1.2739626169204712,False,[],,,,,,,33.5,,,
frame_21,0,255,1,1,False,False,True,1.2693840265274048,False,[],,,,,,,33.5,,,
frame_22,0,255,1,1,False,False,True,1.2826699018478394,False,[],,,,,,,33.5,,,
frame_23,0,255,1,1,False,False,True,1.3229483366012573,False,[],,,,,,,33.5,,,
frame_24,0,255,1,1,False,False,True,1.3432650566101074,False,[],,,,,,,33.5,,,
frame_25,0,255,1,1,False,False,True,1.3489514589309692,False,[],,,,,,,33.5,,,
frame_26,0,255,1,1,False,False,True,1.3698794841766357,False,[],,,,,,,33.5,,,
frame_27,0,255,1,1,False,False,True,1.372635841369629,False,[],,,,,,,33.5,,,
frame_28,0,255,1,1,False,False,True,1.3775665760040283,False,[],,,,,,,33.5,,,
frame_29,0,255,1,1,False,False,True,1.356373906135559,False,[],,,,,,,33.5,,,
frame_30,0,255,1,1,False,False,True,1.3630199432373047,False,[],,,,,,,33.5,,,
frame_31,0,255,1,1,False,False,True,1.3635249137878418,False,[],,,,,,,33.5,,,
frame_32,0,255,1,1,False,False,True,1.351852297782898,False,[],,,,,,,33.5,,,
frame_33,0,255,1,1,False,False,True,1.3477882146835327,False,[],,,,,,,33.5,,,
frame_34,0,255,1,1,False,False,True,1.3205153942108154,False,[],,,,,,,33.5,,,
frame_35,0,255,1,1,False,False,True,1.3125354051589966,False,[],,,,,,,33.5,,,
frame_36,0,255,1,1,False,False,True,1.2947454452514648,False,[],,,,,,,33.5,,,
frame_37,0,255,1,1,False,False,True,1.2608298063278198,False,[],,,,,,,33.5,,,
frame_38,0,255,1,1,False,False,True,1.2822922468185425,False,[],,,,,,,33.5,,,
frame_39,0,255,1,1,False,False,True,1.2745013236999512,False,[],,,,,,,33.5,,,
frame_40,0,255,1,1,False,False,True,1.2473422288894653,False,[],,,,,,,33.5,,,
frame_41,0,255,1,1,False,False,True,1.229241132736206,False,[],,,,,,,33.5,,,
frame_42,0,255,1,1,False,False,True,1.2195240259170532,False,[],,,,,,,33.5,,,
frame_43,0,255,1,1,False,False,True,1.2046165466308594,False,[],,,,,,,33.5,,,
frame_44,0,255,1,1,False,False,True,1.2015126943588257,False,[],,,,,,,33.5,,,
frame_45,0,255,1,1,False,False,True,1.2044516801834106,False,[],,,,,,,33.5,,,
frame_46,0,255,1,1,False,False,True,1.204877495765686,False,[],,,,,,,33.5,,,
frame_47,0,255,1,1,False,False,True,1.237142562866211,False,[],,,,,,,33.5,,,
frame_48,0,255,1,1,False,False,True,1.2601431608200073,False,[],,,,,,,33.5,,,
frame_49,0,255,1,1,False,False,True,1.2730013132095337,False,[],,,,,,,33.5,,,
frame_50,0,255,1,1,False,False,True,1.2866485118865967,False,[],,,,,,,33.5,,,
frame_51,0,255,1,1,False,False,True,1.2909241914749146,False,[],,,,,,,33.5,,,
frame_52,0,255,1,1,False,False,True,1.2976871728897095,False,[],,,,,,,33.5,,,
frame_53,0,255,1,1,False,False,True,1.3265174627304077,False,[],,,,,,,33.5,,,
frame_54,0,255,1,1,False,False,True,1.3424822092056274,False,[],,,,,,,33.5,,,
frame_55,0,255,1,1,False,False,True,1.367620825767517,False,[],,,,,,,33.5,,,
frame_56,0,255,1,1,False,False,True,1.379543662071228,False,[],,,,,,,33.5,,,
frame_57,0,255,1,1,False,False,True,1.3842275142669678,False,[],,,,,,,33.5,,,
frame_58,0,255,1,1,False,False,True,1.3976479768753052,False,[],,,,,,,33.5,,,
frame_59,0,255,1,1,False,False,True,1.402248740196228,False,[],,,,,,,33.5,,,
frame_60,0,255,1,1,False,False,True,1.4114006757736206,False,[],,,,,,,33.5,,,
frame_61,0,255,1,1,False,False,True,1.418509840965271,False,[],,,,,,,33.5,,,
frame_62,0,255,1,1,False,False,True,1.433101773262024,False,[],,,,,,,33.5,,,
frame_63,0,255,1,1,False,False,True,1.4638001918792725,False,[],,,,,,,33.5,,,
frame_64,0,255,1,1,False,False,True,1.4752379655838013,False,[],,,,,,,33.5,,,
frame_65,0,255,1,1,False,False,True,1.4657093286514282,False,[],,,,,,,33.5,,,
frame_66,0,255,1,1,False,False,True,1.4429181814193726,False,[],,,,,,,33.5,,,
frame_67,0,255,1,1,False,False,True,1.4438738822937012,False,[],,,,,,,33.5,,,
frame_68,0,255,1,1,False,False,True,1.4079053401947021,False,[],,,,,,,33.5,,,
frame_69,0,255,1,1,False,False,True,1.3926091194152832,False,[],,,,,,,33.5,,,
frame_70,0,255,1,1,False,False,True,1.3888102769851685,False,[],,,,,,,33.5,,,
frame_71,0,255,1,1,False,False,True,1.4022635221481323,False,[],,,,,,,33.5,,,
frame_72,0,255,1,1,False,False,True,1.438361644744873,False,[],,,,,,,33.5,,,
frame_73,0,255,1,1,False,False,True,1.4663866758346558,False,[],,,,,,,33.5,,,
frame_74,0,255,1,1,False,False,True,1.40420401096344,False,[],,,,,,,33.5,,,
frame_75,0,255,1,1,False,False,True,1.3769934177398682,False,[],,,,,,,33.5,,,
frame_76,0,255,1,1,False,False,True,1.4127352237701416,False,[],,,,,,,33.5,,,
frame_77,0,255,1,1,False,False,True,1.4292644262313843,False,[],,,,,,,33.5,,,
frame_78,0,255,1,1,False,False,True,1.4448143243789673,False,[],,,,,,,33.5,,,
frame_79,0,255,1,1,False,False,True,1.5085458755493164,False,[],,,,,,,33.5,,,
frame_80,0,255,1,1,False,False,True,1.511763095855713,False,[],,,,,,,33.5,,,
frame_81,0,255,1,1,False,False,True,1.5464659929275513,False,[],,,,,,,33.5,,,
frame_82,0,255,1,1,False,False,True,1.5921121835708618,False,[],,,,,,,33.5,,,
frame_83,0,255,1,1,False,False,True,1.5866204500198364,False,[],,,,,,,33.5,,,
frame_84,0,255,1,1,False,False,True,1.5986943244934082,False,[],,,,,,,33.5,,,
frame_85,0,255,1,1,False,False,True,1.586284875869751,False,[],,,,,,,33.5,,,
frame_86,0,255,1,1,False,False,True,1.5745161771774292,False,[],,,,,,,33.5,,,
frame_87,0,255,1,1,False,False,True,1.6130187511444092,False,[],,,,,,,33.5,,,
frame_88,0,255,1,1,False,False,True,1.6026443243026733,False,[],,,,,,,33.5,,,
frame_89,0,255,1,1,False,False,True,1.5975315570831299,False,[],,,,,,,33.5,,,
frame_90,0,255,1,1,False,False,True,1.606065273284912,False,[],,,,,,,33.5,,,
frame_91,0,255,1,1,False,False,True,1.5957351922988892,False,[],,,,,,,33.5,,,
frame_92,0,255,1,1,False,False,True,1.580802083015442,False,[],,,,,,,33.5,,,
frame_93,0,255,1,1,False,False,True,1.6103283166885376,False,[],,,,,,,33.5,,,
frame_94,0,255,1,1,False,False,True,1.5991507768630981,False,[],,,,,,,33.5,,,
frame_95,0,255,1,1,False,False,True,1.5839301347732544,False,[],,,,,,,33.5,,,
frame_96,0,255,1,1,False,False,True,1.584257960319519,False,[],,,,,,,33.5,,,
frame_97,0,255,1,1,False,False,True,1.5675873756408691,False,[],,,,,,,33.5,,,
frame_98,0,255,1,1,False,False,True,1.5714370012283325,False,[],,,,,,,33.5,,,
frame_99,0,255,1,1,False,False,True,1.5635749101638794,False,[],,,,,,,33.5,,,
frame_100,0,255,1,1,False,False,True,1.5549495220184326,False,[],,,,,,,33.5,,,
frame_101,0,255,1,1,False,False,True,1.5388872623443604,False,[],,,,,,,33.5,,,
frame_102,0,255,1,1,False,False,True,1.5483595132827759,False,[],,,,,,,33.5,,,
frame_103,0,255,1,1,False,False,True,1.546048879623413,False,[],,,,,,,33.5,,,
frame_104,0,255,1,1,False,False,True,1.498306393623352,False,[],,,,,,,33.5,,,
frame_105,0,255,1,1,False,False,True,1.473266839981079,False,[],,,,,,,33.5,,,
frame_106,0,255,1,1,False,False,True,1.4569934606552124,False,[],,,,,,,33.5,,,
frame_107,0,255,1,1,False,False,True,1.4608139991760254,False,[],,,,,,,33.5,,,
frame_108,0,255,1,1,False,False,True,1.4728238582611084,False,[],,,,,,,33.5,,,
frame_109,0,255,1,1,False,False,True,1.5071488618850708,False,[],,,,,,,33.5,,,
frame_110,0,255,1,1,False,False,True,1.5483943223953247,False,[],,,,,,,33.5,,,
frame_111,0,255,1,1,False,False,True,1.5521191358566284,False,[],,,,,,,33.5,,,
frame_112,0,255,1,1,False,False,True,1.5544414520263672,False,[],,,,,,,33.5,,,
frame_113,0,255,1,1,False,False,True,1.570388913154602,False,[],,,,,,,33.5,,,
frame_114,0,255,1,1,False,False,True,1.5573989152908325,False,[],,,,,,,33.5,,,
frame_115,0,255,1,1,False,False,True,1.5369211435317993,False,[],,,,,,,33.5,,,
frame_116,0,255,1,1,False,False,True,1.5402518510818481,False,[],,,,,,,33.5,,,
frame_117,0,255,1,1,False,False,True,1.5019713640213013,False,[],,,,,,,33.5,,,
frame_118,0,255,1,1,False,False,True,1.47232985496521,False,[],,,,,,,33.5,,,
frame_119,0,255,1,1,False,False,True,1.453315258026123,False,[],,,,,,,33.5,,,
frame_120,0,255,1,1,False,False,True,1.4129611253738403,False,[],,,,,,,33.5,,,
frame_121,0,255,1,1,False,False,True,1.3852653503417969,False,[],,,,,,,33.5,,,
frame_122,0,255,1,1,False,False,True,1.3757343292236328,False,[],,,,,,,33.5,,,
frame_123,0,255,1,1,False,False,True,1.3423713445663452,False,[],,,,,,,33.5,,,
frame_124,0,255,1,1,False,False,True,1.3344571590423584,False,[],,,,,,,33.5,,,
frame_125,0,255,1,1,False,False,True,1.2896019220352173,False,[],,,,,,,33.5,,,
frame_126,0,255,1,1,False,False,True,1.2558934688568115,False,[],,,,,,,33.5,,,
frame_127,0,255,1,1,False,False,True,1.2316677570343018,False,[],,,,,,,33.5,,,
frame_128,0,255,1,1,False,False,True,1.199055790901184,False,[],,,,,,,33.5,,,
frame_129,0,255,1,1,False,False,True,1.183919072151184,False,[],,,,,,,33.5,,,
frame_130,0,255,1,1,False,False,True,1.1824535131454468,False,[],,,,,,,33.5,,,
frame_131,0,255,1,1,False,False,True,1.1759309768676758,False,[],,,,,,,33.5,,,
frame_132,0,255,1,1,False,False,True,1.194568395614624,False,[],,,,,,,33.5,,,
frame_133,0,255,1,1,False,False,True,1.184134602546692,False,[],,,,,,,33.5,,,
frame_134,0,255,1,1,False,False,True,1.1807507276535034,False,[],,,,,,,33.5,,,
frame_135,0,255,1,1,False,False,True,1.1531832218170166,False,[],,,,,,,33.5,,,
frame_136,0,255,1,1,False,False,True,1.1453828811645508,False,[],,,,,,,33.5,,,
frame_137,0,255,1,1,False,False,True,1.182186245918274,False,[],,,,,,,33.5,,,
frame_138,0,255,1,1,False,False,True,1.2051860094070435,False,[],,,,,,,33.5,,,
frame_139,0,255,1,1,False,False,True,1.206587314605713,False,[],,,,,,,33.5,,,
frame_140,0,255,1,1,False,False,True,1.2101675271987915,False,[],,,,,,,33.5,,,
frame_141,0,255,1,1,False,False,True,1.2107080221176147,False,[],,,,,,,33.5,,,
frame_142,0,255,1,1,False,False,True,1.2238963842391968,False,[],,,,,,,33.5,,,
frame_143,0,255,1,1,False,False,True,1.2381069660186768,False,[],,,,,,,33.5,,,
frame_144,0,255,1,1,False,False,True,1.271856427192688,False,[],,,,,,,33.5,,,
frame_145,0,255,1,1,False,False,True,1.297400712966919,False,[],,,,,,,33.5,,,
frame_146,0,255,1,1,False,False,True,1.3111413717269897,False,[],,,,,,,33.5,,,
frame_147,0,255,1,1,False,False,True,1.3669204711914062,False,[],,,,,,,33.5,,,
frame_148,0,255,1,1,False,False,True,1.3652526140213013,False,[],,,,,,,33.5,,,
frame_149,0,255,1,1,False,False,True,1.3695255517959595,False,[],,,,,,,33.5,,,
frame_150,0,255,1,1,False,False,True,1.3717800378799438,False,[],,,,,,,33.5,,,
frame_151,0,255,1,1,False,False,True,1.3755836486816406,False,[],,,,,,,33.5,,,
frame_152,0,255,1,1,False,False,True,1.4103271961212158,False,[],,,,,,,33.5,,,
frame_153,0,255,1,1,False,False,True,1.4257874488830566,False,[],,,,,,,33.5,,,
frame_154,0,255,1,1,False,False,True,1.415894865989685,False,[],,,,,,,33.5,,,
frame_155,0,255,1,1,False,False,True,1.4061381816864014,False,[],,,,,,,33.5,,,
frame_156,0,255,1,1,False,False,True,1.4023337364196777,False,[],,,,,,,33.5,,,
frame_157,0,255,1,1,False,False,True,1.3623770475387573,False,[],,,,,,,33.5,,,
frame_158,0,255,1,1,False,False,True,1.3555501699447632,False,[],,,,,,,33.5,,,
frame_159,0,255,1,1,False,False,True,1.3527735471725464,False,[],,,,,,,33.5,,,
frame_160,0,255,1,1,False,False,True,1.3482686281204224,False,[],,,,,,,33.5,,,
frame_161,0,255,1,1,False,False,True,1.303106427192688,False,[],,,,,,,33.5,,,
frame_162,0,255,1,1,False,False,True,1.2859599590301514,False,[],,,,,,,33.5,,,
frame_163,0,255,1,1,False,False,True,1.279862642288208,False,[],,,,,,,33.5,,,
frame_164,0,255,1,1,False,False,True,1.2638460397720337,False,[],,,,,,,33.5,,,
frame_165,0,255,1,1,False,False,True,1.2813949584960938,False,[],,,,,,,33.5,,,
frame_166,0,255,1,1,False,False,True,1.2962584495544434,False,[],,,,,,,33.5,,,
frame_167,0,255,1,1,False,False,True,1.2871519327163696,False,[],,,,,,,33.5,,,
frame_168,0,255,1,1,False,False,True,1.2912272214889526,False,[],,,,,,,33.5,,,
frame_169,0,255,1,1,False,False,True,1.2929868698120117,False,[],,,,,,,33.5,,,
frame_170,0,255,1,1,False,False,True,1.2746132612228394,False,[],,,,,,,33.5,,,
frame_171,0,255,1,1,False,False,True,1.2666271924972534,False,[],,,,,,,33.5,,,
frame_172,0,255,1,1,False,False,True,1.2581902742385864,False,[],,,,,,,33.5,,,
frame_173,0,255,1,1,False,False,True,1.2335118055343628,False,[],,,,,,,33.5,,,
frame_174,0,255,1,1,False,False,True,1.2096076011657715,False,[],,,,,,,33.5,,,
frame_175,0,255,1,1,False,False,True,1.2065222263336182,False,[],,,,,,,33.5,,,
frame_176,0,255,1,1,False,False,True,1.1922533512115479,False,[],,,,,,,33.5,,,
frame_177,0,255,1,1,False,False,True,1.2206496000289917,False,[],,,,,,,33.5,,,
frame_178,0,255,1,1,False,False,True,1.2340689897537231,False,[],,,,,,,33.5,,,
frame_179,0,255,1,1,False,False,True,1.2557801008224487,False,[],,,,,,,33.5,,,
frame_180,0,255,1,1,False,False,True,1.2853444814682007,False,[],,,,,,,33.5,,,
frame_181,0,255,1,1,False,False,True,1.2755916118621826,False,[],,,,,,,33.5,,,
frame_182,0,255,1,1,False,False,True,1.2753268480300903,False,[],,,,,,,33.5,,,
frame_183,0,255,1,1,False,False,True,1.2469109296798706,False,[],,,,,,,33.5,,,
frame_184,0,255,1,1,False,False,True,1.2451335191726685,False,[],,,,,,,33.5,,,
frame_185,0,255,1,1,False,False,True,1.232787847518921,False,[],,,,,,,33.5,,,
frame_186,0,255,1,1,False,False,True,1.2404059171676636,False,[],,,,,,,33.5,,,
frame_187,0,255,1,1,False,False,True,1.252577543258667,False,[],,,,,,,33.5,,,
frame_188,0,255,1,1,False,False,True,1.2515625953674316,False,[],,,,,,,33.5,,,
frame_189,0,255,1,1,False,False,True,1.2528948783874512,False,[],,,,,,,33.5,,,
frame_190,0,255,1,1,False,False,True,1.2466212511062622,False,[],,,,,,,33.5,,,
frame_191,0,255,1,1,False,False,True,1.2477695941925049,False,[],,,,,,,33.5,,,
frame_192,0,255,1,1,False,False,True,1.2425142526626587,False,[],,,,,,,33.5,,,
frame_193,0,255,1,1,False,False,True,1.2564376592636108,False,[],,,,,,,33.5,,,
frame_194,0,255,1,1,False,False,True,1.2551668882369995,False,[],,,,,,,33.5,,,
frame_195,0,255,1,1,False,False,True,1.2451704740524292,False,[],,,,,,,33.5,,,
frame_196,0,255,1,1,False,False,True,1.2643433809280396,False,[],,,,,,,33.5,,,
frame_197,0,255,1,1,False,False,True,1.2840700149536133,False,[],,,,,,,33.5,,,
frame_198,0,255,1,1,False,False,True,1.2846710681915283,False,[],,,,,,,33.5,,,
frame_199,0,255,1,1,False,False,True,1.2885799407958984,False,[],,,,,,,33.5,,,
frame_200,0,255,1,1,False,False,True,1.3077490329742432,False,[],,,,,,,33.5,,,
frame_201,0,255,1,1,False,False,True,1.311741590499878,False,[],,,,,,,33.5,,,
frame_202,0,255,1,1,False,False,True,1.3071600198745728,False,[],,,,,,,33.5,,,
frame_203,0,255,1,1,False,False,True,1.329512596130371,False,[],,,,,,,33.5,,,
frame_204,0,255,1,1,False,False,True,1.3458073139190674,False,[],,,,,,,33.5,,,
frame_205,0,255,1,1,False,False,True,1.359331727027893,False,[],,,,,,,33.5,,,
frame_206,0,255,1,1,False,False,True,1.3756804466247559,False,[],,,,,,,33.5,,,
frame_207,0,255,1,1,False,False,True,1.403677225112915,False,[],,,,,,,33.5,,,
frame_208,0,255,1,1,False,False,True,1.4060262441635132,False,[],,,,,,,33.5,,,
frame_209,0,255,1,1,False,False,True,1.3993377685546875,False,[],,,,,,,33.5,,,
frame_210,0,255,1,1,False,False,True,1.3830268383026123,False,[],,,,,,,33.5,,,
frame_211,0,255,1,1,False,False,True,1.3829033374786377,False,[],,,,,,,33.5,,,
frame_212,0,255,1,1,False,False,True,1.3737891912460327,False,[],,,,,,,33.5,,,
frame_213,0,255,1,1,False,False,True,1.3791660070419312,False,[],,,,,,,33.5,,,
frame_214,0,255,1,1,False,False,True,1.3518308401107788,False,[],,,,,,,33.5,,,
frame_215,0,255,1,1,False,False,True,1.3504341840744019,False,[],,,,,,,33.5,,,
frame_216,0,255,1,1,False,False,True,1.3244998455047607,False,[],,,,,,,33.5,,,
frame_217,0,255,1,1,False,False,True,1.3038723468780518,False,[],,,,,,,33.5,,,
frame_218,0,255,1,1,False,False,True,1.2831186056137085,False,[],,,,,,,33.5,,,
frame_219,0,255,1,1,False,False,True,1.2886898517608643,False,[],,,,,,,33.5,,,
frame_220,0,255,1,1,False,False,True,1.3228744268417358,False,[],,,,,,,33.5,,,
frame_221,0,255,1,1,False,False,True,1.358725666999817,False,[],,,,,,,33.5,,,
frame_222,0,255,1,1,False,False,True,1.383400797843933,False,[],,,,,,,33.5,,,
frame_223,0,255,1,1,False,False,True,1.4161628484725952,False,[],,,,,,,33.5,,,
frame_224,0,255,1,1,False,False,True,1.4132529497146606,False,[],,,,,,,33.5,,,
frame_225,0,255,1,1,False,False,True,1.4280325174331665,False,[],,,,,,,33.5,,,
frame_226,0,255,1,1,False,False,True,1.4575163125991821,False,[],,,,,,,33.5,,,
frame_227,0,255,1,1,False,False,True,1.4676402807235718,False,[],,,,,,,33.5,,,
frame_228,0,255,1,1,False,False,True,1.4753652811050415,False,[],,,,,,,33.5,,,
frame_229,0,255,1,1,False,False,True,1.489640474319458,False,[],,,,,,,33.5,,,
frame_230,0,255,1,1,False,False,True,1.4906812906265259,False,[],,,,,,,33.5,,,
frame_231,0,255,1,1,False,False,True,1.4785395860671997,False,[],,,,,,,33.5,,,
frame_232,0,255,1,1,False,False,True,1.442102313041687,False,[],,,,,,,33.5,,,
frame_233,0,255,1,1,False,False,True,1.407973289489746,False,[],,,,,,,33.5,,,
frame_234,0,255,1,1,False,False,True,1.3688873052597046,False,[],,,,,,,33.5,,,
frame_235,0,255,1,1,False,False,True,1.3281269073486328,False,[],,,,,,,33.5,,,
frame_236,0,255,1,1,False,False,True,1.3042229413986206,False,[],,,,,,,33.5,,,
frame_237,0,255,1,1,False,False,True,1.2953983545303345,False,[],,,,,,,33.5,,,
frame_238,0,255,1,1,False,False,True,1.2502856254577637,False,[],,,,,,,33.5,,,
frame_239,0,255,1,1,False,False,True,1.2431983947753906,False,[],,,,,,,33.5,,,
frame_240,0,255,1,1,False,False,True,1.2308440208435059,False,[],,,,,,,33.5,,,
frame_241,0,255,1,1,False,False,True,1.2290750741958618,False,[],,,,,,,33.5,,,
frame_242,0,255,1,1,False,False,True,1.2374589443206787,False,[],,,,,,,33.5,,,
frame_243,0,255,1,1,False,False,True,1.2606253623962402,False,[],,,,,,,33.5,,,
frame_244,0,255,1,1,False,False,True,1.2933052778244019,False,[],,,,,,,33.5,,,
frame_245,0,255,1,1,False,False,True,1.3140695095062256,False,[],,,,,,,33.5,,,
frame_246,0,255,1,1,False,False,True,1.3559328317642212,False,[],,,,,,,33.5,,,
frame_247,0,255,1,1,False,False,True,1.3903696537017822,False,[],,,,,,,33.5,,,
frame_248,0,255,1,1,False,False,True,1.4270697832107544,False,[],,,,,,,33.5,,,
frame_249,0,255,1,1,False,False,True,1.4266502857208252,False,[],,,,,,,33.5,,,
frame_250,0,255,1,1,False,False,True,1.4282186031341553,False,[],,,,,,,33.5,,,
frame_251,0,255,1,1,False,False,True,1.424552321434021,False,[],,,,,,,33.5,,,
frame_252,0,255,1,1,False,False,True,1.4317411184310913,False,[],,,,,,,33.5,,,
frame_253,0,255,1,1,False,False,True,1.4419490098953247,False,[],,,,,,,33.5,,,
frame_254,0,255,1,1,False,False,True,1.4398746490478516,False,[],,,,,,,33.5,,,
frame_255,0,255,1,1,False,False,True,1.4444078207015991,False,[],,,,,,,33.5,,,
frame_256,0,255,1,1,False,False,True,1.4345934391021729,False,[],,,,,,,33.5,,,
frame_257,0,255,1,1,False,False,True,1.403839349746704,False,[],,,,,,,33.5,,,
frame_258,0,255,1,1,False,False,True,1.3712310791015625,False,[],,,,,,,33.5,,,
frame_259,0,255,1,1,False,False,True,1.3537318706512451,False,[],,,,,,,33.5,,,
frame_260,0,255,1,1,False,False,True,1.3411024808883667,False,[],,,,,,,33.5,,,
frame_261,0,255,1,1,False,False,True,1.320420503616333,False,[],,,,,,,33.5,,,
frame_262,0,255,1,1,False,False,True,1.3270033597946167,False,[],,,,,,,33.5,,,
frame_263,0,255,1,1,False,False,True,1.3291391134262085,False,[],,,,,,,33.5,,,
frame_264,0,255,1,1,False,False,True,1.3324663639068604,False,[],,,,,,,33.5,,,
frame_265,0,255,1,1,False,False,True,1.3277939558029175,False,[],,,,,,,33.5,,,
frame_266,0,255,1,1,False,False,True,1.305015206336975,False,[],,,,,,,33.5,,,
frame_267,0,255,1,1,False,False,True,1.297127604484558,False,[],,,,,,,33.5,,,
frame_268,0,255,1,1,False,False,True,1.2963601350784302,False,[],,,,,,,33.5,,,
frame_269,0,255,1,1,False,False,True,1.291635274887085,False,[],,,,,,,33.5,,,
frame_270,0,255,1,1,False,False,True,1.2899953126907349,False,[],,,,,,,33.5,,,
frame_271,0,255,1,1,False,False,True,1.291957974433899,False,[],,,,,,,33.5,,,
frame_272,0,255,1,1,False,False,True,1.303918719291687,False,[],,,,,,,33.5,,,
frame_273,0,255,1,1,False,False,True,1.302930235862732,False,[],,,,,,,33.5,,,
frame_274,0,255,1,1,False,False,True,1.3080613613128662,False,[],,,,,,,33.5,,,
frame_275,0,255,1,1,False,False,True,1.2890180349349976,False,[],,,,,,,33.5,,,
frame_276,0,255,1,1,False,False,True,1.2821321487426758,False,[],,,,,,,33.5,,,
frame_277,0,255,1,1,False,False,True,1.273532509803772,False,[],,,,,,,33.5,,,
frame_278,0,255,1,1,False,False,True,1.2928911447525024,False,[],,,,,,,33.5,,,
frame_279,0,255,1,1,False,False,True,1.278176188468933,False,[],,,,,,,33.5,,,
frame_280,0,255,1,1,False,False,True,1.2890379428863525,False,[],,,,,,,33.5,,,
frame_281,0,255,1,1,False,False,True,1.3104194402694702,False,[],,,,,,,33.5,,,
frame_282,0,255,1,1,False,False,True,1.3231897354125977,False,[],,,,,,,33.5,,,
frame_283,0,255,1,1,False,False,True,1.3069913387298584,False,[],,,,,,,33.5,,,
frame_284,0,255,1,1,False,False,True,1.3030784130096436,False,[],,,,,,,33.5,,,
frame_285,0,255,1,1,False,False,True,1.3237665891647339,False,[],,,,,,,33.5,,,
frame_286,0,255,1,1,False,False,True,1.3199812173843384,False,[],,,,,,,33.5,,,
frame_287,0,255,1,1,False,False,True,1.3099143505096436,False,[],,,,,,,33.5,,,
frame_288,0,255,1,1,False,False,True,1.320492148399353,False,[],,,,,,,33.5,,,
frame_289,0,255,1,1,False,False,True,1.3148198127746582,False,[],,,,,,,33.5,,,
frame_290,0,255,1,1,False,False,True,1.3151942491531372,False,[],,,,,,,33.5,,,
frame_291,0,255,1,1,False,False,True,1.3243272304534912,False,[],,,,,,,33.5,,,
frame_292,0,255,1,1,False,False,True,1.3187990188598633,False,[],,,,,,,33.5,,,
frame_293,0,255,1,1,False,False,True,1.328709602355957,False,[],,,,,,,33.5,,,
frame_294,0,255,1,1,False,False,True,1.32328200340271,False,[],,,,,,,33.5,,,
frame_295,0,255,1,1,False,False,True,1.3121204376220703,False,[],,,,,,,33.5,,,
frame_296,0,255,1,1,False,False,True,1.3201526403427124,False,[],,,,,,,33.5,,,
frame_297,0,255,1,1,False,False,True,1.2923650741577148,False,[],,,,,,,33.5,,,
frame_298,0,255,1,1,False,False,True,1.2635692358016968,False,[],,,,,,,33.5,,,
frame_299,0,255,1,1,False,False,True,1.241489291191101,False,[],,,,,,,33.5,,,
frame_300,0,255,1,1,False,False,True,1.2446930408477783,False,[],,,,,,,33.5,,,
frame_301,0,255,1,1,False,False,True,1.2053806781768799,False,[],,,,,,,33.5,,,
frame_302,0,255,1,1,False,False,True,1.2003647089004517,False,[],,,,,,,33.5,,,
frame_303,0,255,1,1,False,False,True,1.2003885507583618,False,[],,,,,,,33.5,,,
frame_304,0,255,1,1,False,False,True,1.2089818716049194,False,[],,,,,,,33.5,,,
frame_305,0,255,1,1,False,False,True,1.2023537158966064,False,[],,,,,,,33.5,,,
frame_306,0,255,1,1,False,False,True,1.2151103019714355,False,[],,,,,,,33.5,,,
frame_307,0,255,1,1,False,False,True,1.2040116786956787,False,[],,,,,,,33.5,,,
frame_308,0,255,1,1,False,False,True,1.2170947790145874,False,[],,,,,,,33.5,,,
frame_309,0,255,1,1,False,False,True,1.2230198383331299,False,[],,,,,,,33.5,,,
frame_310,0,255,1,1,False,False,True,1.2572133541107178,False,[],,,,,,,33.5,,,
frame_311,0,255,1,1,False,False,True,1.2930476665496826,False,[],,,,,,,33.5,,,
frame_312,0,255,1,1,False,False,True,1.3268102407455444,False,[],,,,,,,33.5,,,
frame_313,0,255,1,1,False,False,True,1.34540593624115,False,[],,,,,,,33.5,,,
frame_314,0,255,1,1,False,False,True,1.3492820262908936,False,[],,,,,,,33.5,,,
frame_315,0,255,1,1,False,False,True,1.3556458950042725,False,[],,,,,,,33.5,,,
frame_316,0,255,1,1,False,False,True,1.3517512083053589,False,[],,,,,,,33.5,,,
frame_317,0,255,1,1,False,False,True,1.3818355798721313,False,[],,,,,,,33.5,,,
frame_318,0,255,1,1,False,False,True,1.3944109678268433,False,[],,,,,,,33.5,,,
frame_319,0,255,1,1,False,False,True,1.4241446256637573,False,[],,,,,,,33.5,,,
frame_320,0,255,1,1,False,False,True,1.4092766046524048,False,[],,,,,,,33.5,,,
frame_321,0,255,1,1,False,False,True,1.4039033651351929,False,[],,,,,,,33.5,,,
frame_322,0,255,1,1,False,False,True,1.415032148361206,False,[],,,,,,,33.5,,,
frame_323,0,255,1,1,False,False,True,1.4493986368179321,False,[],,,,,,,33.5,,,
frame_324,0,255,1,1,False,False,True,1.4599677324295044,False,[],,,,,,,33.5,,,
frame_325,0,255,1,1,False,False,True,1.4636027812957764,False,[],,,,,,,33.5,,,
frame_326,0,255,1,1,False,False,True,1.4670789241790771,False,[],,,,,,,33.5,,,
frame_327,0,255,1,1,False,False,True,1.4674330949783325,False,[],,,,,,,33.5,,,
frame_328,0,255,1,1,False,False,True,1.4674652814865112,False,[],,,,,,,33.5,,,
frame_329,0,255,1,1,False,False,True,1.4726701974868774,False,[],,,,,,,33.5,,,
frame_330,0,255,1,1,False,False,True,1.4605731964111328,False,[],,,,,,,33.5,,,
frame_331,0,255,1,1,False,False,True,1.4284781217575073,False,[],,,,,,,33.5,,,
frame_332,0,255,1,1,False,False,True,1.4033997058868408,False,[],,,,,,,33.5,,,
frame_333,0,255,1,1,False,False,True,1.4086633920669556,False,[],,,,,,,33.5,,,
frame_334,0,255,1,1,False,False,True,1.4107187986373901,False,[],,,,,,,33.5,,,
frame_335,0,255,1,1,False,False,True,1.4053089618682861,False,[],,,,,,,33.5,,,
frame_336,0,255,1,1,False,False,True,1.3949328660964966,False,[],,,,,,,33.5,,,
frame_337,0,255,1,1,False,False,True,1.3594934940338135,False,[],,,,,,,33.5,,,
frame_338,0,255,1,1,False,False,True,1.3092026710510254,False,[],,,,,,,33.5,,,
frame_339,0,255,1,1,False,False,True,1.2975854873657227,False,[],,,,,,,33.5,,,
frame_340,0,255,1,1,False,False,True,1.3201055526733398,False,[],,,,,,,33.5,,,
frame_341,0,255,1,1,False,False,True,1.332856297492981,False,[],,,,,,,33.5,,,
frame_342,0,255,1,1,False,False,True,1.322266697883606,False,[],,,,,,,33.5,,,
frame_343,0,255,1,1,False,False,True,1.3269598484039307,False,[],,,,,,,33.5,,,
frame_344,0,255,1,1,False,False,True,1.3027520179748535,False,[],,,,,,,33.5,,,
frame_345,0,255,1,1,False,False,True,1.300242304801941,False,[],,,,,,,33.5,,,
frame_346,0,255,1,1,False,False,True,1.2994691133499146,False,[],,,,,,,33.5,,,
frame_347,0,255,1,1,False,False,True,1.3091741800308228,False,[],,,,,,,33.5,,,
frame_348,0,255,1,1,False,False,True,1.3416084051132202,False,[],,,,,,,33.5,,,
frame_349,0,255,1,1,False,False,True,1.3450692892074585,False,[],,,,,,,33.5,,,
frame_350,0,255,1,1,False,False,True,1.35324227809906,False,[],,,,,,,33.5,,,
frame_351,0,255,1,1,False,False,True,1.360731601715088,False,[],,,,,,,33.5,,,
frame_352,0,255,1,1,False,False,True,1.371790885925293,False,[],,,,,,,33.5,,,
frame_353,0,255,1,1,False,False,True,1.396391749382019,False,[],,,,,,,33.5,,,
frame_354,0,255,1,1,False,False,True,1.4029844999313354,False,[],,,,,,,33.5,,,
frame_355,0,255,1,1,False,False,True,1.395652413368225,False,[],,,,,,,33.5,,,
frame_356,0,255,1,1,False,False,True,1.405179500579834,False,[],,,,,,,33.5,,,
frame_357,0,255,1,1,False,False,True,1.4137483835220337,False,[],,,,,,,33.5,,,
frame_358,0,255,1,1,False,False,True,1.4141669273376465,False,[],,,,,,,33.5,,,
frame_359,0,255,1,1,False,False,True,1.4247015714645386,False,[],,,,,,,33.5,,,
frame_360,0,255,1,1,False,False,True,1.4633153676986694,False,[],,,,,,,33.5,,,
frame_361,0,255,1,1,False,False,True,1.4683138132095337,False,[],,,,,,,33.5,,,
frame_362,0,255,1,1,False,False,True,1.4752583503723145,False,[],,,,,,,33.5,,,
frame_363,0,255,1,1,False,False,True,1.5008540153503418,False,[],,,,,,,33.5,,,
frame_364,0,255,1,1,False,False,True,1.5068352222442627,False,[],,,,,,,33.5,,,
frame_365,0,255,1,1,False,False,True,1.462125539779663,False,[],,,,,,,33.5,,,
frame_366,0,255,1,1,False,False,True,1.4513548612594604,False,[],,,,,,,33.5,,,
frame_367,0,255,1,1,False,False,True,1.4245983362197876,False,[],,,,,,,33.5,,,
frame_368,0,255,1,1,False,False,True,1.4140628576278687,False,[],,,,,,,33.5,,,
frame_369,0,255,1,1,False,False,True,1.3942288160324097,False,[],,,,,,,33.5,,,
frame_370,0,255,1,1,False,False,True,1.3796597719192505,False,[],,,,,,,33.5,,,
frame_371,0,255,1,1,False,False,True,1.3709375858306885,False,[],,,,,,,33.5,,,
frame_372,0,255,1,1,False,False,True,1.377869963645935,False,[],,,,,,,33.5,,,
frame_373,0,255,1,1,False,False,True,1.3738828897476196,False,[],,,,,,,33.5,,,
frame_374,0,255,1,1,False,False,True,1.3743542432785034,False,[],,,,,,,33.5,,,
frame_375,0,255,1,1,False,False,True,1.3645356893539429,False,[],,,,,,,33.5,,,
frame_376,0,255,1,1,False,False,True,1.3750733137130737,False,[],,,,,,,33.5,,,
frame_377,0,255,1,1,False,False,True,1.3464431762695312,False,[],,,,,,,33.5,,,
frame_379,0,255,1,1,False,False,True,1.3474382162094116,False,[],,,,,,,33.5,,,
frame_380,0,255,1,1,False,False,True,1.3518481254577637,False,[],,,,,,,33.5,,,
frame_381,0,255,1,1,False,False,True,1.3860596418380737,False,[],,,,,,,33.5,,,
frame_382,0,255,1,1,False,False,True,1.4225783348083496,False,[],,,,,,,33.5,,,
frame_383,0,255,1,1,False,False,True,1.4223601818084717,False,[],,,,,,,33.5,,,
frame_384,0,255,1,1,False,False,True,1.4361358880996704,False,[],,,,,,,33.5,,,
frame_385,0,255,1,1,False,False,True,1.4554228782653809,False,[],,,,,,,33.5,,,
frame_386,0,255,1,1,False,False,True,1.4564166069030762,False,[],,,,,,,33.5,,,
frame_387,0,255,1,1,False,False,True,1.468587875366211,False,[],,,,,,,33.5,,,
frame_388,0,255,1,1,False,False,True,1.485107183456421,False,[],,,,,,,33.5,,,
frame_389,0,255,1,1,False,False,True,1.4910932779312134,False,[],,,,,,,33.5,,,
frame_390,0,255,1,1,False,False,True,1.4931925535202026,False,[],,,,,,,33.5,,,
frame_391,0,255,1,1,False,False,True,1.4833877086639404,False,[],,,,,,,33.5,,,
frame_392,0,255,1,1,False,False,True,1.4732887744903564,False,[],,,,,,,33.5,,,
frame_393,0,255,1,1,False,False,True,1.4767701625823975,False,[],,,,,,,33.5,,,
frame_394,0,255,1,1,False,False,True,1.462116003036499,False,[],,,,,,,33.5,,,
frame_395,0,255,1,1,False,False,True,1.4582394361495972,False,[],,,,,,,33.5,,,
frame_396,0,255,1,1,False,False,True,1.4568564891815186,False,[],,,,,,,33.5,,,
frame_397,0,255,1,1,False,False,True,1.4758260250091553,False,[],,,,,,,33.5,,,
frame_398,0,255,1,1,False,False,True,1.4592057466506958,False,[],,,,,,,33.5,,,
frame_399,0,255,1,1,False,False,True,1.4395049810409546,False,[],,,,,,,33.5,,,
frame_400,0,255,1,1,False,False,True,1.3660292625427246,False,[],,,,,,,33.5,,,
frame_401,0,255,1,1,False,False,True,1.3609009981155396,False,[],,,,,,,33.5,,,
frame_402,0,255,1,1,False,False,True,1.3343814611434937,False,[],,,,,,,33.5,,,
frame_403,0,255,1,1,False,False,True,1.349392294883728,False,[],,,,,,,33.5,,,
frame_404,0,255,1,1,False,False,True,1.3598510026931763,False,[],,,,,,,33.5,,,
frame_405,0,255,1,1,False,False,True,1.3723950386047363,False,[],,,,,,,33.5,,,
frame_406,0,255,1,1,False,False,True,1.3873306512832642,False,[],,,,,,,33.5,,,
frame_407,0,255,1,1,False,False,True,1.3826203346252441,False,[],,,,,,,33.5,,,
frame_408,0,255,1,1,False,False,True,1.3620449304580688,False,[],,,,,,,33.5,,,
frame_409,0,255,1,1,False,False,True,1.324366569519043,False,[],,,,,,,33.5,,,
frame_410,0,255,1,1,False,False,True,1.3361529111862183,False,[],,,,,,,33.5,,,
frame_411,0,255,1,1,False,False,True,1.3166025876998901,False,[],,,,,,,33.5,,,
frame_412,0,255,1,1,False,False,True,1.3350239992141724,False,[],,,,,,,33.5,,,
frame_413,0,255,1,1,False,False,True,1.3651399612426758,False,[],,,,,,,33.5,,,
frame_414,0,255,1,1,False,False,True,1.3799704313278198,False,[],,,,,,,33.5,,,
frame_415,0,255,1,1,False,False,True,1.3944953680038452,False,[],,,,,,,33.5,,,
frame_416,0,255,1,1,False,False,True,1.3930554389953613,False,[],,,,,,,33.5,,,
frame_417,0,255,1,1,False,False,True,1.4259089231491089,False,[],,,,,,,33.5,,,
frame_418,0,255,1,1,False,False,True,1.449661374092102,False,[],,,,,,,33.5,,,
frame_419,0,255,1,1,False,False,True,1.4734147787094116,False,[],,,,,,,33.5,,,
frame_420,0,255,1,1,False,False,True,1.4788920879364014,False,[],,,,,,,33.5,,,
frame_421,0,255,1,1,False,False,True,1.513759732246399,False,[],,,,,,,33.5,,,
frame_422,0,255,1,1,False,False,True,1.4750890731811523,False,[],,,,,,,33.5,,,
frame_423,0,255,1,1,False,False,True,1.4967957735061646,False,[],,,,,,,33.5,,,
frame_424,0,255,1,1,False,False,True,1.5195643901824951,False,[],,,,,,,33.5,,,
frame_425,0,255,1,1,False,False,True,1.5176868438720703,False,[],,,,,,,33.5,,,
frame_426,0,255,1,1,False,False,True,1.5021108388900757,False,[],,,,,,,33.5,,,
frame_427,0,255,1,1,False,False,True,1.5076239109039307,False,[],,,,,,,33.5,,,
frame_428,0,255,1,1,False,False,True,1.5165019035339355,False,[],,,,,,,33.5,,,
frame_429,0,255,1,1,False,False,True,1.5449934005737305,False,[],,,,,,,33.5,,,
frame_430,0,255,1,1,False,False,True,1.5407001972198486,False,[],,,,,,,33.5,,,
frame_431,0,255,1,1,False,False,True,1.5533338785171509,False,[],,,,,,,33.5,,,
frame_432,0,255,1,1,False,False,True,1.5209509134292603,False,[],,,,,,,33.5,,,
frame_433,0,255,1,1,False,False,True,1.528976321220398,False,[],,,,,,,33.5,,,
frame_434,0,255,1,1,False,False,True,1.4892609119415283,False,[],,,,,,,33.5,,,
frame_435,0,255,1,1,False,False,True,1.4822421073913574,False,[],,,,,,,33.5,,,
frame_436,0,255,1,1,False,False,True,1.4639757871627808,False,[],,,,,,,33.5,,,
frame_437,0,255,1,1,False,False,True,1.452784776687622,False,[],,,,,,,33.5,,,
frame_438,0,255,1,1,False,False,True,1.4315178394317627,False,[],,,,,,,33.5,,,
frame_439,0,255,1,1,False,False,True,1.4069912433624268,False,[],,,,,,,33.5,,,
frame_440,0,255,1,1,False,False,True,1.353456974029541,False,[],,,,,,,33.5,,,
frame_442,0,255,1,1,False,False,True,1.3196673393249512,False,[],,,,,,,33.5,,,
frame_443,0,255,1,1,False,False,True,1.2716819047927856,False,[],,,,,,,33.5,,,
frame_444,0,255,1,1,False,False,True,1.2499806880950928,False,[],,,,,,,33.5,,,
frame_445,0,255,1,1,False,False,True,1.230239987373352,False,[],,,,,,,33.5,,,
frame_446,0,255,1,1,False,False,True,1.223943829536438,False,[],,,,,,,33.5,,,
frame_447,0,255,1,1,False,False,True,1.2071685791015625,False,[],,,,,,,33.5,,,
frame_448,0,255,1,1,False,False,True,1.2203179597854614,False,[],,,,,,,33.5,,,
frame_449,0,255,1,1,False,False,True,1.2322720289230347,False,[],,,,,,,33.5,,,
frame_450,0,255,1,1,False,False,True,1.2431188821792603,False,[],,,,,,,33.5,,,
frame_451,0,255,1,1,False,False,True,1.2850207090377808,False,[],,,,,,,33.5,,,
frame_452,0,255,1,1,False,False,True,1.3172047138214111,False,[],,,,,,,33.5,,,
frame_453,0,255,1,1,False,False,True,1.3661547899246216,False,[],,,,,,,33.5,,,
frame_454,0,255,1,1,False,False,True,1.4121893644332886,False,[],,,,,,,33.5,,,
frame_455,0,255,1,1,False,False,True,1.42587149143219,False,[],,,,,,,33.5,,,
frame_456,0,255,1,1,False,False,True,1.418891191482544,False,[],,,,,,,33.5,,,
frame_457,0,255,1,1,False,False,True,1.4420404434204102,False,[],,,,,,,33.5,,,
frame_458,0,255,1,1,False,False,True,1.4656795263290405,False,[],,,,,,,33.5,,,
frame_459,0,255,1,1,False,False,True,1.496191143989563,False,[],,,,,,,33.5,,,
frame_460,0,255,1,1,False,False,True,1.5066381692886353,False,[],,,,,,,33.5,,,
frame_461,0,255,1,1,False,False,True,1.499125361442566,False,[],,,,,,,33.5,,,
frame_462,0,255,1,1,False,False,True,1.4741768836975098,False,[],,,,,,,33.5,,,
frame_463,0,255,1,1,False,False,True,1.4570773839950562,False,[],,,,,,,33.5,,,
frame_464,0,255,1,1,False,False,True,1.450859546661377,False,[],,,,,,,33.5,,,
frame_465,0,255,1,1,False,False,True,1.4270002841949463,False,[],,,,,,,33.5,,,
frame_466,0,255,1,1,False,False,True,1.4091825485229492,False,[],,,,,,,33.5,,,
frame_467,0,255,1,1,False,False,True,1.390742301940918,False,[],,,,,,,33.5,,,
frame_468,0,255,1,1,False,False,True,1.364484429359436,False,[],,,,,,,33.5,,,
frame_469,0,255,1,1,False,False,True,1.3793489933013916,False,[],,,,,,,33.5,,,
frame_470,0,255,1,1,False,False,True,1.3949187994003296,False,[],,,,,,,33.5,,,
frame_471,0,255,1,1,False,False,True,1.3669883012771606,False,[],,,,,,,33.5,,,
frame_472,0,255,1,1,False,False,True,1.3258912563323975,False,[],,,,,,,33.5,,,
frame_473,0,255,1,1,False,False,True,1.3028995990753174,False,[],,,,,,,33.5,,,
frame_474,0,255,1,1,False,False,True,1.2944400310516357,False,[],,,,,,,33.5,,,
frame_476,0,255,1,1,False,False,True,1.3919950723648071,False,[],,,,,,,33.5,,,
frame_477,0,255,1,1,False,False,True,1.341342568397522,False,[],,,,,,,33.5,,,
frame_478,0,255,1,1,False,False,True,1.3136709928512573,False,[],,,,,,,33.5,,,
frame_479,0,255,1,1,False,False,True,1.2935761213302612,False,[],,,,,,,33.5,,,
frame_481,0,255,1,1,False,False,True,1.2770944833755493,False,[],,,,,,,33.5,,,
frame_482,0,255,1,1,False,False,True,1.2586781978607178,False,[],,,,,,,33.5,,,
frame_483,0,255,1,1,False,False,True,1.2705702781677246,False,[],,,,,,,33.5,,,
frame_484,0,255,1,1,False,False,True,1.3248614072799683,False,[],,,,,,,33.5,,,
frame_485,0,255,1,1,False,False,True,1.47545325756073,False,[],,,,,,,33.5,,,
frame_486,0,255,1,1,False,False,True,1.442924976348877,False,[],,,,,,,33.5,,,
frame_487,0,255,1,1,False,False,True,1.425559639930725,False,[],,,,,,,33.5,,,
frame_488,0,255,1,1,False,False,True,1.442291498184204,False,[],,,,,,,33.5,,,
frame_489,0,255,1,1,False,False,True,1.4518883228302002,False,[],,,,,,,33.5,,,
frame_490,0,255,1,1,False,False,True,1.5434461832046509,False,[],,,,,,,33.5,,,
frame_491,0,255,1,1,False,False,True,1.5215104818344116,False,[],,,,,,,33.5,,,
frame_492,0,255,1,1,False,False,True,1.5092703104019165,False,[],,,,,,,33.5,,,
frame_493,0,255,1,1,False,False,True,1.5044167041778564,False,[],,,,,,,33.5,,,
frame_494,0,255,1,1,False,False,True,1.478068470954895,False,[],,,,,,,33.5,,,
frame_495,0,255,3,1,False,False,True,0.0,False,[],[   -0.12252     0.34415     0.93089],-1.060709103827039,85.17240082281694,0.5546734468206935,0.048868176564746124,0.049321030944895254,33.5,28.613182343525388,85.41248460753847,1.3087115376845173
frame_495,0,127,1,1,False,False,True,1.4679726362228394,False,[],,,,,,,33.5,,,
frame_496,0,255,1,1,False,False,True,1.4870283603668213,False,[],,,,,,,33.5,,,
frame_497,0,255,1,1,False,False,True,1.5156829357147217,False,[],,,,,,,33.5,,,
frame_498,0,255,1,1,False,False,True,1.5420596599578857,False,[],,,,,,,33.5,,,
frame_499,0,255,1,1,False,False,True,1.5737377405166626,False,[],,,,,,,33.5,,,
frame_500,0,255,1,1,False,False,True,1.5823967456817627,False,[],,,,,,,33.5,,,
frame_501,0,255,1,1,False,False,True,1.6051193475723267,False,[],,,,,,,33.5,,,
frame_502,0,255,1,1,False,False,True,1.654058575630188,False,[],,,,,,,33.5,,,
frame_503,0,255,1,1,False,False,True,1.6279828548431396,False,[],,,,,,,33.5,,,
frame_504,0,255,1,1,False,False,True,1.6348447799682617,False,[],,,,,,,33.5,,,
frame_505,0,255,1,1,False,False,True,1.6810551881790161,False,[],,,,,,,33.5,,,
frame_506,0,255,1,1,False,False,True,1.6812242269515991,False,[],,,,,,,33.5,,,
frame_507,0,255,1,1,False,False,True,1.683207392692566,False,[],,,,,,,33.5,,,
frame_508,0,255,1,1,False,False,True,1.6792796850204468,False,[],,,,,,,33.5,,,
frame_509,0,255,1,1,False,False,True,1.6689530611038208,False,[],,,,,,,33.5,,,
frame_510,0,255,1,1,False,False,True,1.6549628973007202,False,[],,,,,,,33.5,,,
frame_511,0,255,1,1,False,False,True,1.6442921161651611,False,[],,,,,,,33.5,,,
frame_512,0,255,1,1,False,False,True,1.6108514070510864,False,[],,,,,,,33.5,,,
frame_513,0,255,1,1,False,False,True,1.5554794073104858,False,[],,,,,,,33.5,,,
frame_515,0,255,1,1,False,False,True,1.4774922132492065,False,[],,,,,,,33.5,,,
frame_516,0,255,1,1,False,False,True,1.4248387813568115,False,[],,,,,,,33.5,,,
frame_518,0,255,1,1,False,False,True,1.3732795715332031,False,[],,,,,,,33.5,,,
frame_519,0,255,1,1,False,False,True,1.330641746520996,False,[],,,,,,,33.5,,,
frame_520,0,255,1,1,False,False,True,1.3064616918563843,False,[],,,,,,,33.5,,,
frame_522,0,255,1,1,False,False,True,1.3872015476226807,False,[],,,,,,,33.5,,,
frame_524,0,255,1,1,False,False,True,1.278104305267334,False,[],,,,,,,33.5,,,
frame_532,0,255,1,1,False,False,True,1.3085017204284668,False,[],,,,,,,33.5,,,
frame_535,0,255,1,1,False,False,True,1.3827354907989502,False,[],,,,,,,33.5,,,
frame_536,0,255,1,1,False,False,True,1.4393768310546875,False,[],,,,,,,33.5,,,
frame_537,0,255,1,1,False,False,True,1.4101948738098145,False,[],,,,,,,33.5,,,
frame_538,0,255,1,1,False,False,True,1.3983536958694458,False,[],,,,,,,33.5,,,
frame_539,0,255,1,1,False,False,True,1.3935589790344238,False,[],,,,,,,33.5,,,
frame_540,0,255,1,1,False,False,True,1.3750519752502441,False,[],,,,,,,33.5,,,
frame_541,0,255,1,1,False,False,True,1.4003002643585205,False,[],,,,,,,33.5,,,
frame_542,0,255,1,1,False,False,True,1.3929752111434937,False,[],,,,,,,33.5,,,
frame_543,0,255,1,1,False,False,True,1.406505823135376,False,[],,,,,,,33.5,,,
frame_544,0,255,1,1,False,False,True,1.3999825716018677,False,[],,,,,,,33.5,,,
frame_545,0,255,1,1,False,False,True,1.381087303161621,False,[],,,,,,,33.5,,,
frame_546,0,255,1,1,False,False,True,1.3852115869522095,False,[],,,,,,,33.5,,,
frame_547,0,255,1,1,False,False,True,1.444515347480774,False,[],,,,,,,33.5,,,
frame_548,0,255,1,1,False,False,True,1.443927526473999,False,[],,,,,,,33.5,,,
frame_549,0,255,1,1,False,False,True,1.3898993730545044,False,[],,,,,,,33.5,,,
frame_550,0,255,1,1,False,False,True,1.3950906991958618,False,[],,,,,,,33.5,,,
frame_551,0,255,1,1,False,False,True,1.3969107866287231,False,[],,,,,,,33.5,,,
frame_552,0,255,1,1,False,False,True,1.3649749755859375,False,[],,,,,,,33.5,,,
frame_553,0,255,1,1,False,False,True,1.3515154123306274,False,[],,,,,,,33.5,,,
frame_554,0,255,1,1,False,False,True,1.3358235359191895,False,[],,,,,,,33.5,,,
frame_555,0,255,1,1,False,False,True,1.3427907228469849,False,[],,,,,,,33.5,,,
frame_556,0,255,1,1,False,False,True,1.358010172843933,False,[],,,,,,,33.5,,,
frame_557,0,255,1,1,False,False,True,1.3435468673706055,False,[],,,,,,,33.5,,,
frame_558,0,255,1,1,False,False,True,1.3509379625320435,False,[],,,,,,,33.5,,,
frame_559,0,255,1,1,False,False,True,1.366152048110962,False,[],,,,,,,33.5,,,
frame_560,0,255,1,1,False,False,True,1.38021981716156,False,[],,,,,,,33.5,,,
frame_561,0,255,1,1,False,False,True,1.4014195203781128,False,[],,,,,,,33.5,,,
frame_562,0,255,1,1,False,False,True,1.4087883234024048,False,[],,,,,,,33.5,,,
frame_563,0,255,1,1,False,False,True,1.4116109609603882,False,[],,,,,,,33.5,,,
frame_564,0,255,1,1,False,False,True,1.4305752515792847,False,[],,,,,,,33.5,,,
frame_565,0,255,1,1,False,False,True,1.4563558101654053,False,[],,,,,,,33.5,,,
frame_566,0,255,1,1,False,False,True,1.4720245599746704,False,[],,,,,,,33.5,,,
frame_567,0,255,1,1,False,False,True,1.4479516744613647,False,[],,,,,,,33.5,,,
frame_568,0,255,1,1,False,False,True,1.4656884670257568,False,[],,,,,,,33.5,,,
frame_569,0,255,1,1,False,False,True,1.4907029867172241,False,[],,,,,,,33.5,,,
frame_570,0,255,1,1,False,False,True,1.5150054693222046,False,[],,,,,,,33.5,,,
frame_571,0,255,1,1,False,False,True,1.507169246673584,False,[],,,,,,,33.5,,,
frame_572,0,255,1,1,False,False,True,1.50997793674469,False,[],,,,,,,33.5,,,
frame_573,0,255,1,1,False,False,True,1.5225536823272705,False,[],,,,,,,33.5,,,
frame_574,0,255,1,1,False,False,True,1.517683506011963,False,[],,,,,,,33.5,,,
frame_575,0,255,1,1,False,False,True,1.5233240127563477,False,[],,,,,,,33.5,,,
frame_576,0,255,1,1,False,False,True,1.5342391729354858,False,[],,,,,,,33.5,,,
frame_577,0,255,1,1,False,False,True,1.5446780920028687,False,[],,,,,,,33.5,,,
frame_578,0,255,1,1,False,False,True,1.532059907913208,False,[],,,,,,,33.5,,,
frame_579,0,255,1,1,False,False,True,1.535037636756897,False,[],,,,,,,33.5,,,
frame_580,0,255,1,1,False,False,True,1.5480692386627197,False,[],,,,,,,33.5,,,
frame_581,0,255,1,1,False,False,True,1.563088059425354,False,[],,,,,,,33.5,,,
frame_582,0,255,1,1,False,False,True,1.5234330892562866,False,[],,,,,,,33.5,,,
frame_583,0,255,1,1,False,False,True,1.4998860359191895,False,[],,,,,,,33.5,,,
frame_584,0,255,1,1,False,False,True,1.4755351543426514,False,[],,,,,,,33.5,,,
frame_585,0,255,1,1,False,False,True,1.4397614002227783,False,[],,,,,,,33.5,,,
frame_586,0,255,1,1,False,False,True,1.428239345550537,False,[],,,,,,,33.5,,,
frame_587,0,255,1,1,False,False,True,1.4040138721466064,False,[],,,,,,,33.5,,,
frame_588,0,255,1,1,False,False,True,1.3938838243484497,False,[],,,,,,,33.5,,,
frame_589,0,255,1,1,False,False,True,1.4067039489746094,False,[],,,,,,,33.5,,,
frame_590,0,255,1,1,False,False,True,1.423953652381897,False,[],,,,,,,33.5,,,
frame_591,0,255,1,1,False,False,True,1.384521722793579,False,[],,,,,,,33.5,,,
frame_592,0,255,1,1,False,False,True,1.355769157409668,False,[],,,,,,,33.5,,,
frame_593,0,255,1,1,False,False,True,1.3502814769744873,False,[],,,,,,,33.5,,,
frame_594,0,255,1,1,False,False,True,1.344568133354187,False,[],,,,,,,33.5,,,
frame_595,0,255,1,1,False,False,True,1.330122470855713,False,[],,,,,,,33.5,,,
frame_596,0,255,1,1,False,False,True,1.3231171369552612,False,[],,,,,,,33.5,,,
frame_597,0,255,1,1,False,False,True,1.3212215900421143,False,[],,,,,,,33.5,,,
frame_598,0,255,1,1,False,False,True,1.3377766609191895,False,[],,,,,,,33.5,,,
frame_599,0,255,1,1,False,False,True,1.3355097770690918,False,[],,,,,,,33.5,,,
frame_600,0,255,1,1,False,False,True,1.3350499868392944,False,[],,,,,,,33.5,,,
frame_601,0,255,1,1,False,False,True,1.3436903953552246,False,[],,,,,,,33.5,,,
frame_602,0,255,1,1,False,False,True,1.3386850357055664,False,[],,,,,,,33.5,,,
frame_603,0,255,1,1,False,False,True,1.3306268453598022,False,[],,,,,,,33.5,,,
frame_604,0,255,1,1,False,False,True,1.3341710567474365,False,[],,,,,,,33.5,,,
frame_605,0,255,1,1,False,False,True,1.3417847156524658,False,[],,,,,,,33.5,,,
frame_606,0,255,1,1,False,False,True,1.3464552164077759,False,[],,,,,,,33.5,,,
frame_607,0,255,1,1,False,False,True,1.3491331338882446,False,[],,,,,,,33.5,,,
frame_608,0,255,1,1,False,False,True,1.3693078756332397,False,[],,,,,,,33.5,,,
frame_609,0,255,1,1,False,False,True,1.383788824081421,False,[],,,,,,,33.5,,,
frame_610,0,255,1,1,False,False,True,1.4089040756225586,False,[],,,,,,,33.5,,,
frame_611,0,255,1,1,False,False,True,1.4253695011138916,False,[],,,,,,,33.5,,,
frame_612,0,255,1,1,False,False,True,1.4442905187606812,False,[],,,,,,,33.5,,,
frame_613,0,255,1,1,False,False,True,1.4412744045257568,False,[],,,,,,,33.5,,,
frame_614,0,255,1,1,False,False,True,1.4267245531082153,False,[],,,,,,,33.5,,,
frame_615,0,255,1,1,False,False,True,1.4346661567687988,False,[],,,,,,,33.5,,,
frame_616,0,255,1,1,False,False,True,1.3799844980239868,False,[],,,,,,,33.5,,,
frame_617,0,255,1,1,False,False,True,1.3561086654663086,False,[],,,,,,,33.5,,,
frame_618,0,255,1,1,False,False,True,1.318407654762268,False,[],,,,,,,33.5,,,
frame_619,0,255,1,1,False,False,True,1.254582166671753,False,[],,,,,,,33.5,,,
frame_620,0,255,1,1,False,False,True,1.2419341802597046,False,[],,,,,,,33.5,,,
frame_622,0,255,1,1,False,False,True,1.1809327602386475,False,[],,,,,,,33.5,,,
frame_623,0,255,1,1,False,False,True,1.1686805486679077,False,[],,,,,,,33.5,,,
frame_624,0,255,1,1,False,False,True,1.1382602453231812,False,[],,,,,,,33.5,,,
frame_625,0,255,1,1,False,False,True,1.1163991689682007,False,[],,,,,,,33.5,,,
frame_626,0,255,1,1,False,False,True,1.1212388277053833,False,[],,,,,,,33.5,,,
frame_627,0,255,1,1,False,False,True,1.145892858505249,False,[],,,,,,,33.5,,,
frame_628,0,255,1,1,False,False,True,1.153771996498108,False,[],,,,,,,33.5,,,
frame_629,0,255,1,1,False,False,True,1.1458172798156738,False,[],,,,,,,33.5,,,
frame_630,0,255,1,1,False,False,True,1.176437258720398,False,[],,,,,,,33.5,,,
frame_631,0,255,1,1,False,False,True,1.2093963623046875,False,[],,,,,,,33.5,,,
frame_632,0,255,1,1,False,False,True,1.203884482383728,False,[],,,,,,,33.5,,,
frame_633,0,255,1,1,False,False,True,1.21121346950531,False,[],,,,,,,33.5,,,
frame_634,0,255,1,1,False,False,True,1.2207602262496948,False,[],,,,,,,33.5,,,
frame_635,0,255,1,1,False,False,True,1.202857255935669,False,[],,,,,,,33.5,,,
frame_636,0,255,1,1,False,False,True,1.1966135501861572,False,[],,,,,,,33.5,,,
frame_637,0,255,1,1,False,False,True,1.1866273880004883,False,[],,,,,,,33.5,,,
frame_638,0,255,1,1,False,False,True,1.1757220029830933,False,[],,,,,,,33.5,,,
frame_639,0,255,1,1,False,False,True,1.1693744659423828,False,[],,,,,,,33.5,,,
frame_640,0,255,1,1,False,False,True,1.1989144086837769,False,[],,,,,,,33.5,,,
frame_641,0,255,1,1,False,False,True,1.1816202402114868,False,[],,,,,,,33.5,,,
frame_642,0,255,1,1,False,False,True,1.1344289779663086,False,[],,,,,,,33.5,,,
frame_643,0,255,1,1,False,False,True,1.11728036403656,False,[],,,,,,,33.5,,,
frame_644,0,255,1,1,False,False,True,1.1323821544647217,False,[],,,,,,,33.5,,,
frame_645,0,255,1,1,False,False,True,1.1575905084609985,False,[],,,,,,,33.5,,,
frame_646,0,255,1,1,False,False,True,1.1673574447631836,False,[],,,,,,,33.5,,,
frame_647,0,255,1,1,False,False,True,1.1803934574127197,False,[],,,,,,,33.5,,,
frame_648,0,255,1,1,False,False,True,1.2268807888031006,False,[],,,,,,,33.5,,,
frame_649,0,255,1,1,False,False,True,1.254292368888855,False,[],,,,,,,33.5,,,
frame_650,0,255,1,1,False,False,True,1.2713881731033325,False,[],,,,,,,33.5,,,
frame_651,0,255,1,1,False,False,True,1.2992665767669678,False,[],,,,,,,33.5,,,
frame_652,0,255,1,1,False,False,True,1.2937575578689575,False,[],,,,,,,33.5,,,
frame_653,0,255,1,1,False,False,True,1.2733467817306519,False,[],,,,,,,33.5,,,
frame_654,0,255,1,1,False,False,True,1.265626072883606,False,[],,,,,,,33.5,,,
frame_655,0,255,1,1,False,False,True,1.253024697303772,False,[],,,,,,,33.5,,,
frame_656,0,255,1,1,False,False,True,1.2224273681640625,False,[],,,,,,,33.5,,,
frame_657,0,255,1,1,False,False,True,1.2104462385177612,False,[],,,,,,,33.5,,,
frame_658,0,255,1,1,False,False,True,1.1840730905532837,False,[],,,,,,,33.5,,,
frame_659,0,255,1,1,False,False,True,1.1444525718688965,False,[],,,,,,,33.5,,,
frame_660,0,255,1,1,False,False,True,1.1223297119140625,False,[],,,,,,,33.5,,,
frame_661,0,255,1,1,False,False,True,1.1220924854278564,False,[],,,,,,,33.5,,,
frame_662,0,255,1,1,False,False,True,1.1149523258209229,False,[],,,,,,,33.5,,,
frame_663,0,255,1,1,False,False,True,1.1272002458572388,False,[],,,,,,,33.5,,,
frame_664,0,255,1,1,False,False,True,1.1248509883880615,False,[],,,,,,,33.5,,,
frame_665,0,255,1,1,False,False,True,1.1455360651016235,False,[],,,,,,,33.5,,,
frame_666,0,255,1,1,False,False,True,1.1657301187515259,False,[],,,,,,,33.5,,,
