frame_id,class_name,object_id,track_id,is_3D_complete,in_image_borders,does_overlap,is_front_fish,aspect_ratio,pointcloud_size_ok,fish_3d_ok,overlapping_fish_ids,fish_direction,elevation_deg,azimuth_deg,raw_length,filtered_length,spine_length,gt,abs_error_cm,rel_error_%,fish_dist_from_camera
frame_0,0,255,1,1,False,False,True,3.06619398183744,True,True,[],[   0.011015   -0.037777     0.99923],81.00070595954206,-12.894614483574957,0.41047880606434295,0.4123751329756462,0.444473888016868,29.1,12.137513297564617,41.70966768922548,1.6939868834692622
frame_1,0,255,1,1,False,False,True,3.192810490692418,True,True,[],[  -0.090831   -0.052888     0.99446],83.13740902234046,-144.02527031142955,0.39354301710740924,0.3941106053144128,0.39074436747314034,29.1,10.311060531441274,35.43319770254733,1.7191337597157275
frame_2,0,255,1,1,False,False,True,3.221053117239671,False,False,[],,-1.0,-1.0,-1.0,-1.0,0.39786795914898576,29.1,,,1.705361876423093
frame_3,0,255,1,1,False,False,True,2.761205178965379,True,True,[],[    0.21964    0.052786     0.97415],58.14455755305579,25.148011741881028,0.40631154262236513,0.38677429927371065,0.38368784677588996,29.1,9.577429927371062,32.912130334608456,1.7080479992297424
frame_4,0,255,1,1,False,False,True,2.718750581166535,True,True,[],[     0.3106     0.12701     0.94202],44.99512101212377,22.86626567431694,0.4005008520042119,0.2530747342785351,0.24110063844206847,29.1,3.792526572146493,13.032737361328154,1.6991753107206438
frame_5,0,255,1,1,False,False,True,2.735897523226075,True,True,[],[    0.31042    0.097429     0.94559],47.2878840733036,21.24472784683348,0.41820395964395085,0.29992977680595767,0.2916895748369396,29.1,0.8929776805957634,3.068651823353139,1.7150490827431983
frame_6,0,255,1,1,False,False,True,2.499633085451185,True,True,[],[    0.19847    0.065012     0.97795],44.65638865409406,19.517651889734836,0.3498051048275128,0.29849475756201804,0.29747886907187876,29.1,0.7494757562018006,2.575518062549143,1.731668388757662
frame_7,0,255,1,1,False,False,True,2.8900604779860473,True,True,[],[    0.41371     0.08369     0.90655],42.46898503280173,16.70274288460438,0.3568375308501561,0.2878473764174536,0.27187890819595273,29.1,0.3152623582546421,1.0833758015623438,1.7455495620308576
frame_8,0,255,1,1,False,False,True,2.988175475912661,True,False,[],,38.862432654846224,14.60146536962197,-1.0,0.25768921763290065,0.24590193038533145,29.1,3.331078236709939,11.447004249862333,1.7611406544460753
frame_9,0,255,1,1,False,False,True,2.877550984877998,True,False,[],,32.71164635360797,11.254509573180602,-1.0,0.23553737174498635,0.22949688229435378,29.1,5.546262825501369,19.05932242440333,1.7731224476706748
frame_10,0,255,1,1,False,False,True,2.9642857142857144,True,False,[],,32.78184230137687,10.21348438082805,-1.0,0.25275689700681625,0.2451051960402417,29.1,3.8243102993183786,13.141959791472091,1.7707069137534082
frame_11,0,255,1,1,False,False,True,3.1785714285714284,True,True,[],[    0.84726    0.088661     0.52372],28.91499891734118,8.130673518859913,0.2659808337996794,0.24917123373034966,0.25412861385943003,29.1,4.1828766269650375,14.374146484415936,1.7923197479879902
frame_12,0,255,1,1,False,False,True,3.25,True,False,[],,25.783000890407102,8.236783484419849,-1.0,0.2665870883342081,0.2646823115082053,29.1,2.441291166579196,8.389316723639848,1.7921561042836536
frame_13,0,255,1,1,False,False,True,3.392857142857143,False,False,[],,-1.0,-1.0,-1.0,-1.0,0.2527520069950182,29.1,,,1.8126070758861383
frame_14,0,255,1,1,False,False,True,3.592592535031995,True,True,[],[     0.9494    0.082771     0.30296],18.68767237984963,5.486122192454316,0.2562987951474177,0.25434055499186725,0.25036942570257853,29.1,3.6659445008132785,12.597747425475184,1.8001368510510125
frame_15,0,255,1,1,False,False,True,3.923076923076923,True,True,[],[    0.96849     0.05932     0.24187],15.396524424961845,4.406097568049559,0.2585947981256141,0.25927415689881217,0.2562846661974684,29.1,3.1725843101187867,10.902351581164215,1.818346240781267
frame_16,0,255,1,1,False,False,True,3.888888888888889,True,True,[],[    0.98124    0.047709     0.18677],10.09051625342349,2.9084440874423825,0.2652490737172695,0.26489871600614573,0.2701650437289844,29.1,2.610128399385431,8.969513399949934,1.8369404129046933
frame_17,0,255,1,1,False,False,True,3.925925925925926,True,True,[],[    0.99564    0.032106    0.087542],9.512353825423494,2.3304646020419217,0.2690498034904557,0.25178693697027615,0.24863778494756045,29.1,3.921306302972388,13.47527939165769,1.8145505603054342
frame_18,0,255,1,1,False,False,True,3.75,True,True,[],[    0.98593    0.026824     0.16499],9.11134219201075,2.353022873468296,0.27517401681331005,0.275207366492357,0.27185208295619495,29.1,1.579263350764304,5.427021823932315,1.8368763856921442
frame_19,0,255,1,1,False,False,True,3.75,True,True,[],[    0.99139    0.027858     0.12792],7.355947874625635,1.729063994639539,0.2611637210467743,0.2611809995752783,0.2573922997833986,29.1,2.981900042472174,10.247079183753176,1.8189705394672386
frame_20,0,255,1,1,False,False,True,3.5474918658708385,True,True,[],[    0.99499    0.031501     0.09487],4.484699431862279,2.016939646005983,0.2699224553171574,0.27019422402755155,0.2649828782509172,29.1,2.080577597244848,7.149751193281265,1.8258182132551952
frame_21,0,255,1,1,False,False,True,3.604367805263623,True,True,[],[     0.9845    0.020998     0.17411],9.72707872904416,0.8787440851484263,0.26989038919739655,0.2702053896983001,0.2762847459510931,29.1,2.0794610301699934,7.145914193024032,1.835457169233936
frame_22,0,255,1,1,False,False,True,3.7586560451122226,True,True,[],[    0.99967   -0.016271    -0.02006],-0.9330753351813287,-0.7178949692798354,0.2648016227786516,0.2647444775290196,0.266789568162285,29.1,2.625552247098045,9.022516313051701,1.828404153582668
frame_23,0,255,1,1,False,False,True,3.5517241379310347,True,True,[],[    0.99618    -0.04245    -0.07631],-4.163300501734093,-2.5434361012644024,0.25476068413193365,0.25476400226461104,0.2598075512207501,29.1,3.623599773538899,12.452232898759103,1.8330919979618665
frame_24,0,255,1,1,False,False,True,3.5172413793103448,True,True,[],[    0.98245   -0.052647    -0.17892],-10.183248313466933,-3.0231466724650717,0.25084046853918124,0.250784995884235,0.26395607584271763,29.1,4.021500411576506,13.819589043218233,1.8305084601407098
frame_25,0,255,1,1,False,False,True,3.6333333333333333,True,False,[],,-0.5884607863186353,-1.5506054312304054,-1.0,0.2725303656690053,0.2708327019020854,29.1,1.8469634330994744,6.346953378348709,1.8163702359645983
frame_26,0,255,1,1,False,False,True,3.5806451612903225,True,True,[],[     0.9947   -0.052534   -0.088393],-6.315768616045288,-3.4021590699077175,0.27641942657957047,0.2751413268916937,0.2786282062933406,29.1,1.5858673108306354,5.449715844778816,1.8250200779788284
frame_27,0,255,1,1,False,False,True,3.896551724137931,True,True,[],[    0.99012   -0.051656    -0.13038],-7.310565853342043,-2.8214586504566186,0.2815561203708644,0.2815440632989213,0.27958463391437083,29.1,0.9455936701078749,3.2494627838758587,1.8244035975586983
frame_28,0,255,1,1,False,False,True,3.7857142857142856,True,True,[],[     0.9709   -0.069917    -0.22903],-12.57654970116985,-3.69930500917953,0.26488066578281744,0.2648340240241226,0.2719215236922236,29.1,2.6165975975877442,8.991744321607369,1.8289289504394566
frame_29,0,255,1,1,False,False,True,3.75,True,True,[],[    0.96385   -0.071256    -0.25676],-13.945290246309298,-4.15053065588262,0.25477248767189487,0.2561524548356041,0.263045325282099,29.1,3.484754516439592,11.975101431063889,1.8428155984443721
frame_30,0,255,1,1,False,False,True,3.75,True,False,[],,-28.292146598690795,-6.758516968326215,-1.0,0.24616981513780822,0.2573403284473488,29.1,4.483018486219182,15.40556180831334,1.8496839334347428
frame_31,0,255,1,1,False,False,True,3.5517241379310347,True,True,[],[    0.89516    -0.08153    -0.43822],-21.6335925512432,-5.759994478558824,0.24797153033538166,0.2520878059455314,0.2516452646586089,29.1,3.8912194054468663,13.371887991226345,1.823565277468114
frame_32,0,255,1,1,False,False,True,3.6816680521295324,True,True,[],[    0.91851    -0.10134    -0.38219],-21.99964846813245,-6.280954399250505,0.24494762460347452,0.24528876117066883,0.2477671232599284,29.1,4.57112388293312,15.708329494615533,1.8381725241574451
frame_33,0,255,1,1,False,False,True,3.5789172482443496,True,True,[],[    0.78786   -0.090063    -0.60924],-31.670748057887515,-7.599851721018756,0.263341620778878,0.24484582988778902,0.24682961223485855,29.1,4.615417011221101,15.860539557460829,1.8416350219987312
frame_34,0,255,1,1,False,False,True,3.548637972505617,True,True,[],[    0.86108   -0.093648    -0.49976],-26.897267311722498,-7.287815854213629,0.2499839592216171,0.25157576768133894,0.24439148747488457,29.1,3.94242323186611,13.547846157615497,1.824073193064368
frame_35,0,255,1,1,False,False,True,3.5690377541677925,True,True,[],[    0.87648      -0.112    -0.46823],-20.228679397120384,-6.365427231566207,0.25203945928869254,0.2584338010901718,0.25617252323500894,29.1,3.256619890982826,11.191133645989092,1.8192077328761418
frame_36,0,255,1,1,False,False,True,3.1113988533312615,True,True,[],[    0.83204     -0.1059    -0.54452],-32.18907060326082,-7.978162655887863,0.2566838608771512,0.25690181823571545,0.2580561228042383,29.1,3.4098181764284585,11.717588235149341,1.8329064512915945
frame_37,0,255,1,1,False,False,True,3.451646353691825,True,True,[],[    0.74005    -0.10321    -0.66459],-18.90979751317597,-4.1392212246255475,0.2647186814668694,0.2536981155965961,0.256807907741562,29.1,3.7301884403403927,12.818516977114749,1.8001337207124886
frame_38,0,255,1,1,False,False,True,3.7294019328840795,True,True,[],[    0.77598   -0.099262     -0.6229],-37.15882486267823,-7.194706258781528,0.2734730822995938,0.26448963895405586,0.2747124216682828,29.1,2.6510361045944175,9.110089706510026,1.8235216717651972
frame_39,0,255,1,1,False,False,True,3.634297733909777,True,True,[],[    0.81258     -0.0825    -0.57698],-30.47160849595703,-4.2998385222381685,0.28924391625201773,0.26962669305896314,0.26093679040750395,29.1,2.1373306941036896,7.344779017538452,1.8176516894077237
frame_40,0,255,1,1,False,False,True,3.642857142857143,True,True,[],[    0.74114   -0.087105    -0.66568],-39.889882209223444,-7.117360114472248,0.2866118199403742,0.26019659473545587,0.2565258456134848,29.1,3.080340526454417,10.585362633863976,1.8258444312986557
frame_41,0,255,1,1,False,False,True,3.4642857142857144,True,True,[],[    0.71744     -0.0525    -0.69464],-40.86497125407586,-4.605956377654987,0.29448658046213083,0.26974276032476385,0.26896121220969893,29.1,2.1257239675236184,7.304893359187692,1.8172363253025623
frame_42,0,255,1,1,False,False,True,3.5925925925925926,True,True,[],[   -0.70293     0.07037     0.70777],-41.042762045970356,-4.679433257170177,0.3420595695767057,0.2903488718246531,0.27605752399324135,29.1,0.065112817534696,0.22375538671716835,1.821748211281374
frame_43,0,255,1,1,False,False,True,3.5357142857142856,True,True,[],[    0.76754   -0.060782    -0.63811],-33.48977681071453,-3.0729592531880394,0.329840429423664,0.27101246012617897,0.2694848835179775,29.1,1.998753987382107,6.868570403374938,1.8078785386796181
frame_44,0,255,1,1,False,False,True,3.392857142857143,True,True,[],[    0.78818   -0.033862    -0.61451],-32.33453764339681,-0.9230151213754962,0.2780299200848825,0.2526567421624307,0.24689193987508148,29.1,3.834325783756931,13.176377263769524,1.8087691842814135
frame_45,0,255,1,1,False,False,True,3.5295239161107492,True,True,[],[    0.79809    -0.03167     -0.6017],-36.11304369021853,-3.775825970162787,0.3159906122440652,0.2717748685935213,0.2693359335020148,29.1,1.9225131406478746,6.606574366487542,1.817644307493934
frame_46,0,255,1,1,False,False,True,3.369863145800557,True,True,[],[    0.75582    -0.04074    -0.65352],-38.01566739915662,-3.705780040969494,0.2823183819263224,0.27440244713266404,0.2684795179259204,29.1,1.6597552867335996,5.703626414892095,1.8110033665211673
frame_47,0,255,1,1,False,False,True,3.3362391514862693,True,True,[],[   -0.63305    0.050164     0.77248],-40.58104085112679,-3.0614394541215306,0.5297481081817841,0.2792616725419529,0.27127831064917857,29.1,1.1738327458047149,4.033789504483556,1.8052370423867374
frame_48,0,255,1,1,False,False,True,3.730769230769231,True,True,[],[   -0.67314    0.033311     0.73876],-38.567273062410855,-1.738621332844244,0.6638702812622024,0.2705777126992577,0.2560262132220351,29.1,2.042228730074236,7.017968144585003,1.8101163184822504
frame_49,0,255,1,1,False,False,True,3.346153750222096,True,True,[],[   -0.65251    0.037575     0.75685],45.97165294215522,175.512037688315,0.31470730257262614,0.28480791659840454,0.2590813378201853,29.1,0.6192083401595494,2.1278637118884856,1.8053265602864412
frame_50,0,255,1,1,False,False,True,3.576923076923077,True,True,[],[    -0.6978    0.023002     0.71592],-44.08600910518008,-1.146076131914206,0.3024671179775871,0.2823120177677203,0.2729292313474817,29.1,0.8687982232279734,2.9855609045634823,1.8020892143906675
frame_51,0,255,1,1,False,False,True,3.0357142857142856,True,True,[],[   -0.51588    0.043889     0.85554],-30.272144211623573,-7.05148682294187,0.2936828414244248,0.24432972348537385,0.17684912426879607,29.1,4.667027651462618,16.037895709493533,1.7578059250423794
frame_52,0,255,1,1,False,False,True,2.9920507714194264,True,True,[],[   -0.59392   0.0092984     0.80447],52.40655088508045,-179.43149820299766,0.29272075067022696,0.28461820934844284,0.2827620142250372,29.1,0.6381790651557195,2.1930552067206857,1.8053920295135277
frame_53,0,255,1,1,False,False,True,3.1481481481481484,True,True,[],[   -0.59565  -0.0031158     0.80324],53.07334504310672,-179.4262556695661,0.28663540915065955,0.27557934916417115,0.2775013677600596,29.1,1.5420650835828886,5.299192727088964,1.8098409974522758
frame_54,0,255,1,1,False,False,True,3.34620133831037,True,True,[],[   -0.68748   -0.028781     0.72564],45.82156136813264,-177.19318897536613,0.27267038639552577,0.24583924137126134,0.24658720437257192,29.1,4.516075862873869,15.519161040803672,1.8109511592051328
frame_55,0,255,1,1,False,False,True,3.125401930956838,True,True,[],[   -0.61455   -0.017461     0.78869],51.78650800816883,-178.02594327920343,0.3053662487629645,0.30365519316537704,0.2979018705669562,29.1,1.2655193165377,4.348863630713745,1.8163090258238812
frame_56,0,255,1,1,False,False,True,2.3461538461538463,True,True,[],[   -0.61789   0.0040575     0.78626],52.20790230152259,179.19035564846752,0.18595167646384625,0.185675733628623,0.183277070617677,29.1,10.532426637137704,36.19390596954537,1.7823954437000447
frame_57,0,255,1,1,False,False,True,3.185185185185185,True,True,[],[   -0.61311   -0.024748     0.78961],51.29199369305011,-177.1904986473095,0.2526579497140582,0.25180407726386633,0.2445824863462538,29.1,3.9195922736133704,13.469389256403334,1.8041613831542336
frame_58,0,255,1,1,False,False,True,3.269230769230769,True,True,[],[    -0.6521   -0.021293     0.75784],47.374045598712094,-177.32444792212385,0.25930330633413035,0.25094889686457744,0.24527120076972336,29.1,4.005110313542259,13.763265682275803,1.7914352794254527
frame_59,0,255,1,1,False,False,True,3.111111111111111,True,True,[],[   -0.56282   -0.013061     0.82648],-37.42923255383584,8.31885653000141,0.26866603881083506,0.24046528209074758,0.23302479323020575,29.1,5.053471790925245,17.36588244304208,1.7609009148106156
frame_60,0,255,1,1,False,False,True,3.0714285714285716,True,True,[],[   -0.49863   -0.010885     0.86675],59.40446499271459,-178.268301710886,0.2912783128571259,0.2910776787835192,0.3051275437330765,29.1,0.007767878351916391,0.026693740040949796,1.8030737213825396
frame_61,0,255,1,1,False,False,True,2.5172413793103448,True,True,[],[   -0.47663   -0.037159     0.87832],59.77153795568818,-173.63063713728192,0.28892117668598316,0.25629577958408234,0.2499135575471832,29.1,3.4704220415917697,11.925848940177902,1.7972492032382403
frame_62,0,255,1,1,False,False,True,2.478723539894333,True,True,[],[   -0.46507   -0.016218     0.88512],61.73319228060137,-177.52905292626556,0.29327188429895057,0.27462618229736213,0.2734604937724256,29.1,1.6373817702637905,5.626741478569727,1.792017660220464
frame_63,0,255,1,1,False,False,True,2.4499997808364027,True,True,[],[   -0.57756   -0.086052      0.8118],53.79249109175783,-170.96987285010857,0.25062642263502144,0.24552207594855857,0.23529774879989235,29.1,4.547792405144147,15.628152594997069,1.78535634339539
frame_64,0,255,1,1,False,False,True,2.2475246787481042,True,True,[],[    -0.5327   -0.089748     0.84153],56.66532142429146,-169.66617276734829,0.20836362292014488,0.19826282646976923,0.19739098182884948,29.1,9.27371735302308,31.8684445121068,1.8003027987418556
frame_66,0,255,1,1,False,False,True,2.2021773530520923,True,True,[],[   -0.39499   -0.075171      0.9156],66.34442680681063,-169.3286321534678,0.3170590493765264,0.3170993154171713,0.3174839770025553,29.1,2.6099315417171254,8.968836913117268,1.8113365167157858
frame_67,0,255,1,1,False,False,True,1.037037037037037,True,True,[],[  -0.099167    -0.19702     0.97537],76.91427004873334,-114.54905883827121,0.15343608376795292,0.1531345432549256,0.162302282399634,29.1,13.786545674507444,47.37644561686407,1.7551177920559435
frame_68,0,255,1,1,False,False,True,1.2,True,True,[],[  -0.067808     -0.3317     0.94094],69.26529405936157,-99.70833023597775,0.12894802945932127,0.12331164386469329,0.12292205785988396,29.1,16.768835613530676,57.62486465130816,1.7479345309186474
frame_69,0,255,1,1,False,False,True,1.6785714285714286,False,False,[],[   -0.24015   -0.011754     0.97066],-1.0,-1.0,-1.0,-1.0,0.12787237147958425,29.1,,,1.8832417726516724
frame_70,0,255,1,1,False,False,True,1.5769230769230769,True,True,[],[   -0.19612     -0.0189      0.9804],44.06738426201755,-46.66073882848297,0.2657760604220414,0.08416848945111166,0.08282270547832304,29.1,20.68315105488884,71.07612046353553,1.708967866216387
frame_71,0,255,1,1,False,False,True,1.5406871546219052,True,True,[],[  -0.086986   -0.039877     0.99541],84.51981453849454,-155.2508098235377,0.26901061048554586,0.26902053744452536,0.28644978573738555,29.1,2.197946255547467,7.553079915970677,1.767455592224201
frame_72,0,255,1,1,False,False,True,1.1051212869347522,False,False,[],[   -0.03855   -0.076371     0.99633],-1.0,-1.0,-1.0,-1.0,0.095061783734423,29.1,,,1.710675502062242
frame_73,0,255,1,1,False,False,True,1.3271604537182855,True,True,[],[  -0.019451    -0.19945     0.97972],14.881584378104746,-2.609611919703123,0.272783147963213,0.10026421280139586,0.10325559816159828,29.1,19.073578719860418,65.54494405450315,1.7021518495024703
frame_74,0,255,1,1,False,False,True,1.8275862068965518,True,False,[],,18.627934016066607,-13.921497423100458,-1.0,0.13253725674044714,0.1489218057541684,29.1,15.846274325955289,54.45455094829996,1.7229656209548314
frame_75,0,255,1,1,False,False,True,2.03125,True,True,[],[    -0.2445    0.050953     0.96831],18.6919751033018,-3.957032620455546,0.288188715435739,0.13856795272322808,0.13616368973550236,29.1,15.243204727677195,52.382146830505825,1.7183869471813025
frame_76,0,255,1,1,False,False,True,2.3666666666666667,True,False,[],,28.03908823983468,-2.312917752976435,-1.0,0.18504100444867577,0.18723545840884398,29.1,10.595899555132426,36.41202596265438,1.7250520404314327
frame_77,0,255,1,1,False,False,True,2.7222221667201985,True,False,[],,20.36115272578549,-4.090873876740633,-1.0,0.19080993940690583,0.19294164343812278,29.1,10.01900605930942,34.42957408697395,1.7212128051402884
frame_78,0,255,1,1,False,False,True,2.8864774327570077,True,False,[],,6.996332856996503,-4.124723953172377,-1.0,0.21197368967409008,0.23989991927046367,29.1,7.902631032590995,27.156807672134004,1.703521112571615
frame_79,0,255,1,1,False,False,True,3.1627405402931488,True,False,[],,10.241966677042578,-1.125392433041838,-1.0,0.20976594700302525,0.22272069240522202,29.1,8.123405299697477,27.915482129544593,1.7054068103775648
frame_80,0,255,1,1,False,False,True,3.473464739860802,True,True,[],[    0.95176   -0.038337     0.30444],18.54533019117754,-2.5297309889060178,0.2651410688032845,0.2643231835152665,0.26199713757233345,29.1,2.6676816484733523,9.167290888224578,1.7254243636380504
frame_81,0,255,1,1,False,False,True,3.87691506892076,True,True,[],[    0.99839   -0.038573    0.041673],10.066486288670916,-1.4773718780358798,0.267035449315302,0.27085649815870094,0.26565973944572574,29.1,2.0143501841299094,6.922165581202437,1.719005513324047
frame_82,0,255,1,1,False,False,True,3.774193548387097,True,True,[],[    0.99743    -0.02101    0.068433],9.437626602699199,-0.8381506495118723,0.27255953260475946,0.2570254712689014,0.2569861578223009,29.1,3.397452873109863,11.67509578388269,1.7022605993870283
frame_83,0,255,1,1,False,False,True,3.6602054050990844,True,False,[],,10.163726472684383,0.3445656804713465,-1.0,0.27358592515083224,0.27815570674968215,29.1,1.7414074849167793,5.984218161226045,1.717712495322999
frame_84,0,255,1,1,False,False,True,3.5382083875977526,False,False,[],,-1.0,-1.0,-1.0,-1.0,0.37875017107523773,29.1,,,1.7262966859863098
frame_85,0,255,1,1,False,False,True,3.4118725907309573,True,False,[],,-13.733684415955407,2.9801940613442777,-1.0,0.2952173536370908,0.41924082700903,29.1,0.42173536370907483,1.4492624182442433,1.7145764306592046
frame_86,0,255,1,1,False,False,True,3.4063606706093754,True,False,[],,-5.98740407579537,5.638910617446991,-1.0,0.2634104906554843,0.26642871400174334,29.1,2.758950934451576,9.480931046225347,1.6995926967236417
frame_87,0,255,1,1,False,False,True,3.505522535733534,True,True,[],[    0.88991     0.10199    -0.44459],-6.721856895293282,6.748286605815943,0.354400499984316,0.28327110412427836,0.2745204114664176,29.1,0.7728895875721675,2.6559779641655243,1.7092035323113564
frame_88,0,255,1,1,False,False,True,3.533401875427384,True,False,[],,-25.37539223770007,5.51551016919818,-1.0,0.3390500579984035,0.39430613033885553,29.1,4.805005799840345,16.51204742213177,1.7280573257839824
frame_89,0,255,1,1,False,False,True,3.7041704892500364,True,False,[],,-11.904456567916982,6.571733885433439,-1.0,0.2817116570327663,0.27572842089603333,29.1,0.9288342967233743,3.1918704354755127,1.704798898576846
frame_90,0,255,1,1,False,False,True,4.068965517241379,False,False,[],,-1.0,-1.0,-1.0,-1.0,0.4289665539702578,29.1,,,1.7406335722066073
frame_91,0,255,1,1,False,False,True,4.25,True,False,[],,-9.925103463268318,3.126790576732913,-1.0,0.2935201951336366,0.28795180646228413,29.1,0.2520195133636549,0.86604643767579,1.7230060129355391
frame_92,0,255,1,1,False,False,True,4.295363357330994,True,True,[],[    0.94224    0.039965     0.33253],12.982169888453022,2.2029041412492854,0.3234656954427247,0.2782056831631631,0.27470093956341535,29.1,1.279431683683696,4.396672452521292,1.7425811439986505
frame_93,0,255,1,1,False,False,True,4.050978604169246,True,True,[],[    0.83773   -0.014514     0.54589],31.049206138065472,-1.1040273912771839,0.36113015653668123,0.35917549088597545,0.48758552068704025,29.1,6.817549088597541,23.42800374088502,1.757704271220254
frame_94,0,255,1,1,False,False,True,4.0,True,False,[],,3.9486817469188558,2.3603962407490293,-1.0,0.2922999254906684,0.32055686401199235,29.1,0.12999254906683744,0.4467097906076888,1.7396272274129319
frame_95,0,255,1,1,False,False,True,4.321428571428571,True,True,[],[    0.72051   -0.030443     0.69277],41.3531015546039,-3.2712073791609897,0.34127827179251824,0.34258045566713724,0.45716873778231804,29.1,5.158045566713721,17.72524249729801,1.7553821222005592
frame_96,0,255,1,1,False,False,True,3.962962962962963,False,False,[],,-1.0,-1.0,-1.0,-1.0,0.4012002096599664,29.1,,,1.7446219266797396
frame_97,0,255,1,1,False,False,True,3.888888888888889,True,True,[],[    0.98425    0.017923    -0.17588],-11.558266060304224,0.9374552045313908,0.2653211721543365,0.2656179520131233,0.2581274907957104,29.1,2.538204798687671,8.722353260095089,1.7410016392679455
frame_98,0,255,1,1,False,False,True,4.333333333333333,True,True,[],[     0.9979   0.0022547   -0.064778],-7.13565084848316,-0.3109726342010376,0.28810116759329296,0.2899720039113407,0.2791906741179749,29.1,0.10279960886593331,0.3532632607076746,1.7498041328322258
frame_99,0,255,1,1,False,False,True,4.214285714285714,True,True,[],[    0.98158   0.0063491     0.19095],8.220665298569733,0.5656189366994969,0.2993763981084115,0.29183323089058516,0.29316174599987305,29.1,0.08332308905851238,0.28633363937633116,1.7623972224170403
frame_100,0,255,1,1,False,False,True,4.103448275862069,True,True,[],[    0.97747   -0.016415     0.21046],7.764842121946058,-0.5160504059904492,0.3036551025695673,0.2944492979466121,0.35749850462404387,29.1,0.34492979466120843,1.1853257548495133,1.7542319827807877
frame_101,0,255,1,1,False,False,True,3.5922223932296267,True,True,[],[    0.98766   -0.011542    -0.15617],21.625266425557353,-8.906891783616182,0.28597780402653733,0.17551283407347312,0.17274142077147292,29.1,11.548716592652692,39.6863113149577,1.7747637294771494
frame_102,0,255,1,1,False,False,True,3.5625,True,True,[],[    0.99638   -0.035364   -0.077277],-4.710193009515344,-1.7643568760891664,0.27576234026705154,0.27600211045023676,0.2919668431342147,29.1,1.4997889549763277,5.153913934626556,1.7562341405458628
frame_103,0,255,1,1,False,False,True,3.8280145481770815,True,True,[],[    0.98523   -0.091149     0.14499],8.601317248673576,-5.214648595392025,0.2667697929052295,0.2662412832198578,0.30295890680373805,29.1,2.475871678014224,8.50815009626881,1.7641775913989861
frame_104,0,255,1,1,False,False,True,3.850746545139977,True,True,[],[     0.9398    -0.13404     0.31435],18.693865635018987,-8.3820808604621,0.2668631044922736,0.26658833349671973,0.2847560932394163,29.1,2.4411666503280305,8.388888832742373,1.7643721819839184
frame_105,0,255,1,1,False,False,True,3.9511620460831303,True,True,[],[    0.95289    -0.15289     0.26196],15.92239331174682,-8.945168555271604,0.2835518737410543,0.28215404474571276,0.2784699566829609,29.1,0.8845955254287274,3.039847166421744,1.753588211523078
frame_106,0,255,1,1,False,False,True,4.113347628093067,True,True,[],[    0.92575    -0.16047      0.3424],19.492249340681685,-10.314641502422274,0.2967169125800647,0.28593957975227474,0.27888013823505237,29.1,0.5060420247725295,1.7389760301461492,1.7573943766928162
frame_107,0,255,1,1,False,False,True,4.204762333837854,True,True,[],[    0.90329    -0.18797     0.38565],22.728010337427982,-11.840241069691041,0.2903473702009409,0.2899175404450002,0.2797738119704615,29.1,0.10824595549998595,0.3719792285222885,1.7555270000137526
frame_108,0,255,1,1,False,False,True,4.2201833433529465,True,True,[],[    0.89999    -0.19285     0.39092],22.93057416780433,-12.041189343477669,0.30367232211157824,0.2957479832575954,0.2904703293496834,29.1,0.4747983257595345,1.6316093668712526,1.7529333647827394
frame_109,0,255,1,1,False,False,True,4.251302481980855,True,True,[],[    0.86841    -0.19825     0.45449],27.50114579152871,-12.766814319196412,0.29620530599006806,0.2960211572186277,0.28827381815866304,29.1,0.502115721862767,1.7254835802844224,1.7534210177363299
frame_110,0,255,1,1,False,False,True,4.315206685131419,True,True,[],[    0.88251    -0.19157      0.4295],25.151722660635524,-12.411038250910398,0.2941509677949136,0.29253013796828686,0.2887038201667247,29.1,0.15301379682868266,0.5258206076587032,1.7346298781355107
frame_111,0,255,1,1,False,False,True,4.274788182233441,True,True,[],[    0.84277    -0.19097     0.50326],30.056927291790274,-13.026988081433812,0.3065710438424449,0.30181085886333786,0.2943623150000779,29.1,1.0810858863337824,3.715071774342895,1.7295350147348894
frame_112,0,255,1,1,False,False,True,4.386423354805097,True,True,[],[    0.82576    -0.17209     0.53713],32.5457731995753,-11.780772696329802,0.2919400280701189,0.29154069219753986,0.28814158145500735,29.1,0.05406921975398271,0.18580487887966565,1.7213120234820731
frame_113,0,255,1,1,False,False,True,4.246515532822016,True,True,[],[    0.85612    -0.17177     0.48739],29.516829387113976,-11.370417239548116,0.2875251055362176,0.2871603084587574,0.2842975783085034,29.1,0.383969154124264,1.3194816292930034,1.710958033442367
frame_114,0,255,1,1,False,False,True,4.355948710660723,True,True,[],[    0.87501    -0.17661     0.45073],26.60259621147372,-12.115635967992691,0.2833696890548296,0.2828749275217646,0.2823036998770998,29.1,0.8125072478235462,2.792121126541396,1.6903246863525172
frame_115,0,255,1,1,False,False,True,4.156682294588459,True,True,[],[    0.76511    -0.16266     0.62302],38.73121949611488,-12.264364849616431,0.29422133262377037,0.28192956528304314,0.27629345177641057,29.1,0.9070434716956899,3.1169878752429203,1.6880678168573797
frame_116,0,255,1,1,False,False,True,4.014187492404734,True,True,[],[    0.78036    -0.17059     0.60161],38.204888767317755,-12.446122788634831,0.28742479394102277,0.28452904383853744,0.28260195132141774,29.1,0.6470956161462593,2.2236962754166987,1.6760927557528436
frame_117,0,255,1,1,False,False,True,3.9033913999113756,True,True,[],[    0.74408    -0.14839     0.65141],41.287276554531616,-11.404799238976322,0.2835640480797197,0.2837527763134722,0.2803713211657668,29.1,0.7247223686527859,2.4904548750954842,1.6634635052518019
frame_118,0,255,1,1,False,False,True,3.782747205470098,True,True,[],[    0.68756    -0.13407     0.71365],46.0871411251475,-10.699194623436602,0.2745365570347732,0.2747079211416107,0.2748532718404003,29.1,1.6292078858389347,5.598652528656133,1.66118695542873
frame_119,0,255,1,1,False,False,True,3.723683780132633,True,True,[],[    0.62129    -0.11944     0.77442],51.354674448786945,-10.60675857197049,0.2821016768119917,0.27522487097875314,0.27942243822020724,29.1,1.5775129021246892,5.421006536510959,1.6556110900865368
frame_120,0,255,1,1,False,False,True,3.668244760548729,True,True,[],[     0.4771   -0.097139     0.87346],61.75967054552661,-11.258558624067144,0.28577651823787986,0.28029204933353546,0.2745763725742542,29.1,1.0707950666464572,3.6797081328056946,1.6418030391061396
frame_121,0,255,1,1,False,False,True,3.522935709435789,True,True,[],[     0.4735    -0.11157      0.8737],61.39981311661256,-13.188430033049595,0.2888907884015647,0.28122440803848026,0.27787673423601444,29.1,0.9775591961519781,3.3593099524122954,1.625062290630393
frame_122,0,255,1,1,False,False,True,2.815376512078441,True,True,[],[    0.33887    -0.13016     0.93179],69.20320735627024,-22.25396583537628,0.2831866723122749,0.2832727673132829,0.29241596789103025,29.1,0.7727232686717156,2.6554064215522875,1.6250066301785033
frame_123,0,255,1,1,False,False,True,2.90726836513442,True,True,[],[     0.2849    -0.12174      0.9508],72.02014458743906,-23.191931912982202,0.27189644521579925,0.271871883463187,0.26989192452476807,29.1,1.9128116536813011,6.57323592330344,1.612034994686632
frame_124,0,255,1,1,False,False,True,3.0149698199771646,True,True,[],[     0.2326    -0.13028     0.96381],74.82070026180823,-30.036744370904515,0.26239987477185456,0.26230930661991936,0.26910580143377716,29.1,2.869069338008068,9.859344804151435,1.6036396827796362
frame_125,0,255,1,1,False,False,True,2.9331354010030832,True,True,[],[    0.12628    -0.10416     0.98651],47.399303949958174,-18.888069084534813,0.25496034007155344,0.15176491300856199,0.15543198232290378,29.1,13.923508699143806,47.84710893176565,1.6583150948896543
frame_126,0,255,1,1,False,False,True,2.6535434011898227,True,True,[],[   0.080605    -0.11582     0.98999],82.23428506668473,-54.40537481814672,0.2864528132410755,0.2757400232401068,0.2767937622549581,29.1,1.5259976759893212,5.24397826800454,1.5806022614047543
frame_127,0,255,1,1,False,False,True,2.4505494986826153,True,True,[],[  -0.027844   -0.093685     0.99521],84.53969027574642,-103.61986067700731,0.28554177919753987,0.2820284252283931,0.28653743166131745,29.1,0.8971574771606927,3.0830153854319335,1.5732364820237326
frame_128,0,255,1,1,False,False,True,2.3253523682091872,True,True,[],[  -0.079847   -0.092571      0.9925],82.8751314619931,-132.46940651603475,0.27859473157880976,0.27738047704144875,0.2831847285848601,29.1,1.361952295855129,4.6802484393647035,1.5551419708963037
frame_129,0,255,1,1,False,False,True,2.204787136365184,True,True,[],[   -0.11759   -0.087225     0.98922],81.81218629132925,-142.40049929541044,0.28095918397395314,0.2800907981420071,0.28494156679288574,29.1,1.0909201857992934,3.7488666178669874,1.5427636855938396
frame_130,0,255,1,1,False,False,True,2.139105193866824,True,True,[],[   -0.19836    -0.08369     0.97655],80.53653279585977,148.41406084084545,0.2815910787375713,0.2538322968642932,0.2525512658038685,29.1,3.716770313570683,12.772406575844272,1.5892607701483683
frame_131,0,255,1,1,False,False,True,2.099576263909229,True,True,[],[   -0.18856   -0.099952     0.97696],81.34700978235375,177.52109227291297,0.2833364720569249,0.2713057612463259,0.26662814663092355,29.1,1.9694238753674154,6.767779640437853,1.5482876522337052
frame_133,0,255,1,1,False,False,True,2.2564101976321105,True,True,[],[   -0.27579    -0.10526     0.95544],73.00557511473853,-158.60376269794037,0.29580768940900426,0.2959053282220845,0.29475416457467074,29.1,0.49053282220844485,1.6856798014035903,1.462472770791182
frame_134,0,255,1,1,False,False,True,2.077127534907489,True,True,[],[   -0.29377    -0.11613     0.94879],72.22857002953705,-157.59729818840663,0.33526097251304976,0.2714367509991935,0.26781038456923845,29.1,1.9563249000806526,6.7227659796586,1.4445794315801725
frame_135,0,255,1,1,False,False,True,2.269230426070644,False,False,[],[   -0.29543    -0.14281     0.94463],-1.0,-1.0,-1.0,-1.0,0.05527552294596816,29.1,,,1.3569220668541457
frame_136,0,255,1,1,False,False,True,1.988303954996475,True,True,[],[      -0.31    -0.10728     0.94467],68.70431608238528,-148.87961279208858,0.34105769294248245,0.27975226824904054,0.2748558738818627,29.1,1.12477317509595,3.865199914419072,1.3983025833297131
frame_137,0,255,1,1,False,False,True,2.068965594218266,True,True,[],[   -0.31001    -0.11983     0.94315],50.533929188363686,-127.1189966973399,0.33739607742525646,0.12213726435168626,0.1275333062926296,29.1,16.886273564831377,58.028431494265895,1.3566502564957628
frame_138,0,255,1,1,False,False,True,1.7006802272717518,True,True,[],[   -0.37307     -0.1221     0.91973],61.26640872300649,-167.16896594485226,0.3391531255750644,0.2716216226349011,0.2912894360119419,29.1,1.9378377365098953,6.659236207937784,1.3596331205854097
frame_139,0,255,1,1,False,False,True,1.4285714285714286,True,True,[],[   -0.36977    -0.14933     0.91705],66.49226428128199,-157.40353157187005,0.29284454728733555,0.2901993289544289,0.2887736082101514,29.1,0.0800671045571133,0.27514468919970203,1.4044343020542558
frame_140,0,255,1,1,False,False,True,2.0,True,True,[],[   -0.40296    -0.11163     0.90838],59.39149234712389,-151.29297748846093,0.4020037252184925,0.2121125881718433,0.1877240498065495,29.1,7.888741182815673,27.10907622960712,1.348777209037921
frame_141,0,255,1,1,False,False,True,1.4739516938161232,True,True,[],[   -0.42278    -0.17287     0.88959],49.49305544806045,160.4074346608065,0.3036225099498031,0.12459004109427552,0.11665920128349049,29.1,16.64099589057245,57.18555288856513,1.3541685119371019
frame_142,0,255,1,1,False,False,True,1.3877551735365918,True,True,[],[   -0.42793    -0.12427     0.89523],48.413196504385745,-170.3480432546157,0.38859406244924566,0.16022639453147458,0.1605718514009149,29.1,13.077360546852546,44.93938332251734,1.3488526356205364
frame_143,0,255,1,1,False,False,True,1.3095239104468832,False,False,[],[   -0.44588    -0.10192     0.88927],-1.0,-1.0,-1.0,-1.0,0.0744578786335646,29.1,,,1.3276123093476886
frame_144,0,255,1,1,False,False,True,1.2580645161290323,True,True,[],[   -0.43618    -0.13228     0.89008],54.53935114640619,-160.2001514665674,0.3633651127883346,0.19895702788370606,0.2021966385355526,29.1,9.204297211629397,31.629887325186928,1.3541796105806945
frame_145,0,255,1,1,False,False,True,1.1515151515151516,True,True,[],[   -0.54386   -0.054568      0.8374],-38.15231556023749,-2.5609930393331655,0.346192370558676,0.12639958178432997,0.13447487560915927,29.1,16.460041821567007,56.56371759988662,1.332091896321761
frame_146,0,255,1,1,False,False,True,1.0,True,True,[],[    -0.4952   -0.059432     0.86674],51.11546494605888,-175.40269327449312,0.4206024413340397,0.19750026828232636,0.1972005870155067,29.1,9.349973171767367,32.13049199920057,1.3556777505513051
frame_147,0,255,1,1,False,False,True,1.054054054054054,True,True,[],[   -0.56044   -0.094683     0.82276],-38.29719457507293,-11.275281607725507,0.3641657529923923,0.14943685386634287,0.1538304831999731,29.1,14.156314613365717,48.647129255552294,1.325863399909618
frame_148,0,255,1,1,False,False,True,1.0526315789473684,True,True,[],[   -0.63736   -0.016958     0.77038],48.92235633919535,-176.02351745358843,0.34593387712284485,0.2055261114342446,0.18794458112705664,29.1,8.547388856575544,29.37247029751046,1.3530064502716064
frame_149,0,255,1,1,False,False,True,1.1388888888888888,True,True,[],[   -0.55519   -0.075506     0.82829],48.81156279284808,-171.4950742066442,0.4341764204796066,0.19679036838230757,0.19838375617634846,29.1,9.420963161769247,32.374443854877136,1.3493306766154796
frame_150,0,255,1,1,False,False,True,1.131578947368421,True,True,[],[   -0.55122   -0.063752     0.83192],47.896901594698996,-174.48547473425472,0.42630486269469636,0.2322520448783576,0.23208865518664495,29.1,5.874795512164244,20.188300729086748,1.3422014799563338
frame_151,0,255,1,1,False,False,True,1.0714285714285714,True,True,[],[   -0.48786   -0.046658     0.87168],48.75934527649423,-176.37191123009418,0.43137726850710334,0.284435183664524,0.28903129879424777,29.1,0.6564816335476009,2.2559506307477695,1.350536355029507
frame_152,0,255,1,1,False,False,True,1.2894736842105263,True,True,[],[   -0.63111   -0.010028     0.77563],-42.02766785266005,-2.1638687489864794,0.31673163969690354,0.19799780503619457,0.19409442082881867,29.1,9.300219496380546,31.959517169692596,1.324786756518612
frame_153,0,255,1,1,False,False,True,1.2391304347826086,True,True,[],[   -0.63778   -0.071363      0.7669],-33.34184003497423,5.060309965311103,0.4266704610183978,0.19160673532011918,0.19234022018912433,29.1,9.939326467988085,34.155761058378296,1.3298127402895181
frame_154,0,255,1,1,False,False,True,1.6455122490590566,True,True,[],[   -0.64842    -0.10769     0.75363],-26.354048434211126,3.525505900589842,0.34597364682581944,0.16924719706083935,0.17335051156688414,29.1,12.17528029391607,41.83945118184216,1.3283194678895016
frame_155,0,255,1,1,False,False,True,1.6577381659129125,True,True,[],[   -0.60978    -0.11276     0.78451],-25.43439404247709,1.079081178137965,0.43555001382785963,0.18252512517274355,0.17363355403475839,29.1,10.847487482725649,37.276589287717,1.3327365648470686
frame_156,0,255,1,1,False,False,True,1.7703466683128546,True,True,[],[    0.93574    0.026261    -0.35171],-19.75547731878499,2.4868182276880195,0.18237162251030836,0.17802094013719116,0.18594075467328458,29.1,11.297905986280888,38.82441919684154,1.3407578219468346
frame_157,0,255,1,1,False,False,True,2.0681818181818183,True,True,[],[     0.8841    0.065528    -0.46267],-4.2577407126173,1.1567773684357163,0.3385114737960384,0.17080469370867413,0.18489932784512092,29.1,12.019530629132591,41.30422896609138,1.340318792554344
frame_158,0,255,1,1,False,False,True,2.357142857142857,True,True,[],[    0.99712 -0.00038505    0.075898],5.858795195332691,0.725902612462276,0.1872009853391577,0.17489268954450654,0.1833992800627611,29.1,11.61073104554935,39.89941940051323,1.346209486760559
frame_159,0,255,1,1,False,False,True,2.6380255258293013,True,False,[],,8.239836316417875,1.3665469184768113,-1.0,0.17777671435685632,0.20028050337782632,29.1,11.322328564314372,38.90834558183633,1.3419471094981203
frame_160,0,255,1,1,False,False,True,2.988705558736482,True,False,[],,12.907656580010213,-1.1074108179555278,-1.0,0.21434611454165375,0.2473736427431708,29.1,7.665388545834628,26.341541394620716,1.346287251624395
frame_161,0,255,1,1,False,False,True,3.3645581980969306,True,False,[],,15.68997433902677,2.3603695798337228,-1.0,0.2272898559578616,0.2454631993903128,29.1,6.371014404213843,21.893520289394647,1.3472124942123036
frame_162,0,255,1,1,False,False,True,3.972972972972973,True,True,[],[    0.94799   0.0055128     0.31824],23.786857013497514,0.31900310907558077,0.2823683773989452,0.2526814215025617,0.2743717115232448,29.1,3.831857849743836,13.167896390872288,1.3478447640779232
frame_163,0,255,1,1,False,False,True,3.9,True,True,[],[    0.86311   0.0033495       0.505],29.64908898618595,-0.047873541857941564,0.2629153699932034,0.2631252106127099,0.259912194613781,29.1,2.7874789387290155,9.57896542518562,1.354097805710536
frame_164,0,255,1,1,False,False,True,4.167696392901428,True,True,[],[    0.87069    0.031955     0.49079],29.265975395961696,1.95752800266176,0.27865330404456917,0.27622575987678605,0.27080479674992414,29.1,1.4774240123213989,5.077058461585563,1.3563270742791171
frame_165,0,255,1,1,False,False,True,4.176995790961484,True,True,[],[    0.81937    0.048967     0.57117],5.982592967217478,-3.2450009627188674,0.2714329599170707,0.20494554612251303,0.20080289039177912,29.1,8.6054453877487,29.571977277486944,1.4136762625651118
frame_166,0,255,1,1,False,False,True,3.4158855828447154,True,True,[],[    0.87202    0.052005     0.48669],28.75675559642989,3.8987224973926393,0.2590599821503904,0.2593012374035591,0.26370242214432854,29.1,3.169876259644094,10.893045565787265,1.3780610126391284
frame_167,0,255,1,1,False,False,True,3.141527359716609,True,True,[],[    0.86648     0.05865     0.49575],30.198394251883546,4.676171437986149,0.24931084507000045,0.2497360614527926,0.27080491871088597,29.1,4.126393854720744,14.180047610724205,1.3860973061418398
frame_168,0,255,1,1,False,False,True,3.236842353588376,True,True,[],[    0.82941     0.02993     0.55784],34.59310118058896,2.2336212591837046,0.23078312842461968,0.23093729450645262,0.23451714670357057,29.1,6.006270549354742,20.640104980600487,1.4006418267095426
frame_169,0,255,1,1,False,False,True,2.7906976744186047,True,True,[],[    0.61775  -0.0045288     0.78636],52.157234937942384,-0.2653111812731546,0.25213347237857353,0.2519663826866657,0.25451787962367745,29.1,3.9033617313334323,13.413614197022103,1.392977869071889
frame_170,0,255,1,1,False,False,True,2.761904761904762,True,True,[],[    0.52373  -0.0068601     0.85185],58.92523452728536,-0.5651429482111395,0.25894156406507485,0.2587990556826988,0.2567019485833868,29.1,3.220094431730125,11.06561660388359,1.4147816403311972
frame_171,0,255,1,1,False,False,True,3.0833333333333335,True,True,[],[    0.52276    0.023445     0.85216],58.52352314164917,2.618830018812886,0.2594720577577524,0.25948998568904547,0.2647524786741847,29.1,3.151001431095457,10.82818361201188,1.451530960671411
frame_172,0,255,1,1,False,False,True,3.5161290322580645,True,True,[],[    0.63923    0.061643     0.76654],49.688388599115605,6.522845653597633,0.26200305910273014,0.26105971962064045,0.2601207870047148,29.1,2.9940280379359585,10.288756144109822,1.4862379311566072
frame_173,0,255,1,1,False,False,True,3.6898166244088726,True,True,[],[    0.66742    0.066184     0.74174],47.68827175380899,5.8178184316829284,0.2983455535254861,0.2655843672831325,0.26644636570455504,29.1,2.541563271686753,8.73389440442183,1.5103650464726224
frame_174,0,255,1,1,False,False,True,3.924927479560904,True,True,[],[    0.69396    0.070878     0.71652],46.377572995163966,6.007653454346103,0.27538466289166696,0.27535615072613673,0.27030999021010993,29.1,1.5643849273863308,5.375893221258869,1.526082447503931
frame_175,0,255,1,1,False,False,True,4.039056417744578,True,True,[],[    0.76989    0.086231     0.63232],39.9167408581721,6.3567677911444855,0.2675912715005446,0.26741021015947297,0.2612040445768028,29.1,2.3589789840527065,8.106456989871843,1.543683517620964
frame_176,0,255,1,1,False,False,True,3.999602364038093,True,True,[],[    0.72857    0.098215     0.67789],42.47221566856994,7.914463282736914,0.2973843263818341,0.27705678353583085,0.2742530484992456,29.1,1.3943216464169184,4.791483321020338,1.5610981898000111
frame_177,0,255,1,1,False,False,True,3.9205858496799517,True,True,[],[    0.75979     0.12892     0.63726],38.74199398647558,9.240750155684498,0.2963984325079263,0.293551664096783,0.2820459285642443,29.1,0.25516640967829796,0.8768605143584123,1.5904251814456407
frame_178,0,255,1,1,False,False,True,3.845109494246851,True,True,[],[    0.71629     0.14645     0.68226],36.860337890080274,11.3288517461011,0.35195174472743074,0.28107663944450145,0.2754242631176649,29.1,0.9923360555498584,3.4100895379720217,1.6077310070287019
frame_179,0,255,1,1,False,False,True,4.131855056417694,True,True,[],[    0.81016     0.18006     0.55788],31.108311022221244,12.867901078895732,0.3349782654934627,0.2801044639847766,0.27728792370380817,29.1,1.0895536015223417,3.7441704519668098,1.631738027985857
frame_180,0,255,1,1,False,False,True,4.184179486271675,True,True,[],[     0.8611     0.21629     0.46013],26.45900602061042,14.444428914993095,0.31235156201414627,0.29012503242145504,0.28282492727935765,29.1,0.0874967578544994,0.3006761438298948,1.6412551721643278
frame_181,0,255,1,1,False,False,True,4.302702941936946,True,True,[],[    0.88725     0.23143     0.39904],22.561917548294826,14.97533999482265,0.29310499242368226,0.28966770182637713,0.2912904911028519,29.1,0.13322981736229034,0.45783442392539636,1.6611750512332706
frame_182,0,255,1,1,False,False,True,4.325648544786395,True,True,[],[    0.88851     0.25201     0.38347],21.88413426180243,16.74944832808671,0.305086441547997,0.2865665948132218,0.2839670467692947,29.1,0.4433405186778261,1.523506937037203,1.6818462634959876
frame_183,0,255,1,1,False,False,True,4.1969695137706,True,True,[],[    0.89118     0.25801     0.37313],20.929454747530688,16.57479686918059,0.32441091834825164,0.2935396757212487,0.2964420091186599,29.1,0.2539675721248691,0.8727407976799625,1.6908856159804413
frame_184,0,255,1,1,False,False,True,4.201166064119261,True,True,[],[    0.91722     0.26652      0.2961],16.609338647797898,16.396207031785224,0.2979858654084742,0.2869683539592544,0.2859794904299542,29.1,0.4031646040745629,1.3854453748266766,1.700925091989001
frame_185,0,255,1,1,False,False,True,4.123838801621079,True,True,[],[    0.94495     0.26446      0.1927],10.611277374004496,16.224963225283783,0.2947364423550612,0.29368135430616543,0.28326312432906975,29.1,0.26813543061653955,0.9214275966204107,1.69933503518004
frame_186,0,255,1,1,False,False,True,4.058461539781237,True,True,[],[    0.93349     0.26113     0.24576],12.079238609220672,16.09268551516057,0.3075834009168903,0.29159514622581545,0.29682985990712274,29.1,0.05951462258154128,0.20451760337299407,1.7270895317196846
frame_187,0,255,1,1,False,False,True,3.970102199287268,True,True,[],[    0.94627     0.25086     0.20406],8.852978244894043,15.70979798047474,0.30422315782360443,0.28096130689872933,0.27445123841608376,29.1,1.0038693101270701,3.449722715213299,1.7221812660391114
frame_188,0,255,1,1,False,False,True,3.921696250319258,True,True,[],[    0.94392     0.23078     0.23612],1.9988925322967734,12.558469354883705,0.3198427210080965,0.27668514538291544,0.2620363870053068,29.1,1.4314854617084594,4.919194026489551,1.7435387704903498
frame_189,0,255,1,1,False,False,True,3.992247917987142,True,True,[],[    0.90787     0.22247     0.35536],13.584959969090713,14.569025033040283,0.33357362459458634,0.29676190496932536,0.2958873421512729,29.1,0.5761904969325327,1.9800360719331018,1.741452542226217
frame_190,0,255,1,1,False,False,True,4.006451602115448,True,True,[],[    0.88863     0.21221     0.40657],15.783247917475196,14.067701907385533,0.3363482981596052,0.2929240996958381,0.28662218502699466,29.1,0.19240996958380663,0.6612026446178922,1.746378309410843
frame_191,0,255,1,1,False,False,True,4.089073333863675,True,True,[],[    0.90184      0.2062      0.3797],15.957768291090176,13.64822189821123,0.3281400918948803,0.3072031335832919,0.2959329588857571,29.1,1.620313358329184,5.568087142024687,1.749775299492658
frame_192,0,255,1,1,False,False,True,4.183333164933836,True,True,[],[      0.945     0.18505     0.26968],10.670670591638398,11.859951820827812,0.3172403661726043,0.2930259212469023,0.28304423631186215,29.1,0.20259212469022625,0.6961928683512929,1.7516806249529402
frame_193,0,255,1,1,False,False,True,4.2217860731186665,True,True,[],[     0.9588     0.17385     0.22466],6.511078514871356,10.807563209515108,0.3069033797287097,0.28862960871072674,0.28060235282891766,29.1,0.23703912892732992,0.814567453358522,1.7570683246350471
frame_194,0,255,1,1,False,False,True,4.120814269149023,True,True,[],[    0.93969     0.16149     0.30149],7.027689457933158,11.202320410581384,0.3025991121006634,0.28433460179216236,0.28071958674008773,29.1,0.6665398207837681,2.2905148480541855,1.7574037713874433
frame_195,0,255,1,1,False,False,True,4.172101351143424,True,True,[],[    0.98127      0.1511     0.11947],2.3290805780049144,8.483826438050988,0.28853955140063514,0.2898380591114726,0.2853572645612171,29.1,0.11619408885274463,0.39929240155582346,1.7567618900910802
frame_196,0,255,1,1,False,False,True,4.082126003290435,True,True,[],[    0.98395     0.14327     0.10639],3.333126140769801,8.53191748689668,0.28515514747695797,0.2840960203304259,0.3058542249999211,29.1,0.6903979669574123,2.372501604664647,1.7783706053266308
frame_197,0,255,1,1,False,False,True,4.078839992306895,True,True,[],[    0.99082     0.13504   0.0069221],-1.8109929285722641,7.781528307393743,0.284629035243394,0.2832485233810961,0.28565157737538405,29.1,0.7751476618903963,2.6637376697264474,1.7753720061512628
frame_198,0,255,1,1,False,False,True,4.038425712154492,True,True,[],[    0.98987     0.11981   -0.076178],-5.8051798310071225,7.044986230985816,0.28462443899180506,0.2830678846470731,0.33266125482643116,29.1,0.7932115352926927,2.7258128360573632,1.7946910691231748
frame_199,0,255,1,1,False,False,True,3.8151745335685523,True,True,[],[    0.99052     0.11257   -0.078783],-6.100492298161481,6.5636897696277705,0.2823150818626747,0.2797776469194078,0.27600085968226473,29.1,1.1222353080592218,3.8564787218529952,1.779341196181471
frame_200,0,255,1,1,False,False,True,3.9473076922323336,True,True,[],[    0.98761     0.10946    -0.11241],-7.5774934615565215,6.325118041326217,0.2722191211296354,0.27127958622215975,0.28060099022090856,29.1,1.9720413777840284,6.77677449410319,1.7823526377223977
frame_201,0,255,1,1,False,False,True,3.9605504177773607,True,True,[],[    0.99024     0.11025    -0.08523],-7.877020078811616,6.0339559072033335,0.2746272473393804,0.27342651524357503,0.31440829657240776,29.1,1.7573484756425006,6.038998198084195,1.793398476556196
frame_202,0,255,1,1,False,False,True,3.9553101335571412,True,True,[],[    0.97326     0.11024    -0.20152],-14.023040756065301,6.072339918179046,0.28233932764513264,0.2698499224261225,0.2946712920168192,29.1,2.1150077573877546,7.268067894803281,1.7967674166859475
frame_203,0,255,1,1,False,False,True,3.8333333333333335,True,True,[],[    0.97056     0.10786    -0.21534],-15.292902381083383,6.736017127121791,0.28272449427676205,0.2843229143990324,0.2796910268888162,29.1,0.6677085600967636,2.2945311343531394,1.777304851411602
frame_204,0,255,1,1,False,False,True,3.9655172413793105,True,True,[],[    0.95579     0.09664    -0.27772],-17.549295604584692,5.659149249253306,0.2869922083810258,0.2856830895955398,0.3005693740564703,29.1,0.5316910404460251,1.8271169774777496,1.7995023889929656
frame_205,0,255,1,1,False,False,True,4.090395303950732,True,True,[],[    0.92453     0.10686    -0.36581],-23.154520066753076,6.341885488371544,0.29330125702924514,0.2743634554974822,0.3074904657161213,29.1,1.6636544502517836,5.717025602239806,1.808056571007183
frame_206,0,255,1,1,False,False,True,4.005163230324608,True,True,[],[    0.95006     0.11913    -0.28845],-19.184475934937144,6.968018341346961,0.28840376831915626,0.2876720469028863,0.2814459997820886,29.1,0.3327953097113756,1.1436264938535243,1.7876158758726988
frame_207,0,255,1,1,False,False,True,4.00849889248417,True,True,[],[    0.92929     0.11602    -0.35066],-23.254942893417443,7.3343546904481,0.2842286045783906,0.283158521534011,0.2810221372669419,29.1,0.7841478465989038,2.694666139515133,1.7861777955051872
frame_208,0,255,1,1,False,False,True,3.9444445997764648,True,True,[],[    0.85216    0.095228    -0.51454],28.35681265531655,4.077192390525035,0.28728824231120065,0.32452640024437085,0.32131417553290076,29.1,3.3526400244370813,11.521099740333613,1.856298209583692
frame_209,0,255,1,1,False,False,True,3.8,True,True,[],[    0.92391     0.10392    -0.36824],-22.719793993695045,6.1510445670110565,0.28004418161029043,0.2794649237271626,0.2833069352623847,29.1,1.1535076272837452,3.963943736370258,1.792957466451367
frame_210,0,255,1,1,False,False,True,3.8024124418514424,True,True,[],[    0.87013    0.087908    -0.48492],-29.37283323534661,5.624958481285609,0.30037980013836396,0.30064425374569026,0.30442098543219,29.1,0.9644253745690223,3.3141765449107297,1.8025379218161106
frame_211,0,255,1,1,False,False,True,3.7862768070273947,True,True,[],[    0.92768     0.10901    -0.35712],-23.912544684891124,6.289885851637848,0.2923243333016675,0.29253871538804765,0.2905626131999125,29.1,0.1538715388047618,0.5287681745868102,1.7879732142607234
frame_212,0,255,1,1,False,False,True,3.6400409660308943,True,True,[],[    0.85355      0.1066    -0.50999],-31.55103896621426,6.5600626431353835,0.2931761158692481,0.2924990215682679,0.29151380993918463,29.1,0.14990215682678665,0.5151276866899885,1.79235276864061
frame_213,0,255,1,1,False,False,True,3.7695472253679063,True,True,[],[    0.82882     0.10233    -0.55008],-32.724707254109944,6.277269831952654,0.29390983006201,0.2942881297550405,0.29650502202039086,29.1,0.32881297550404476,1.1299414965774734,1.7995398609987567
frame_214,0,255,1,1,False,False,True,3.7664564680770947,True,True,[],[    0.85914     0.11668    -0.49825],-30.524755273175387,7.273480170087464,0.3023447046499028,0.3020995203889474,0.3081101330201024,29.1,1.1099520388947348,3.8142681748959952,1.7985687753392228
frame_215,0,255,1,1,False,False,True,3.825779077875858,True,True,[],[    0.85324     0.11475    -0.50874],-30.05994148511042,7.427377775434599,0.2915653240752095,0.2918674219683327,0.29436228499661954,29.1,0.08674219683326712,0.2980831506297839,1.796182130178482
frame_216,0,255,1,1,False,False,True,3.7115600634343746,True,True,[],[    0.81631     0.11898    -0.56522],-34.76220204564291,8.210591636584779,0.2906475146017058,0.2906470719648726,0.28769783114262115,29.1,0.03529280351274311,0.12128111172763954,1.7971463869302098
frame_217,0,255,1,1,False,False,True,3.6674010050083683,True,True,[],[    0.83705     0.11744    -0.53437],-31.751622547851877,7.610705763032929,0.2900088089279582,0.2902258392695619,0.2835441165327056,29.1,0.07741607304381226,0.2660346152708325,1.7924920437842842
frame_218,0,255,1,1,False,False,True,3.857808769215491,True,True,[],[    0.81974     0.13007    -0.55777],-30.000199727624892,8.208849788572307,0.327695516099183,0.3026916207315645,0.29570733204390864,29.1,1.169162073156449,4.017739083011851,1.7818447829020103
frame_219,0,255,1,1,False,False,True,3.846666590158554,True,True,[],[    0.82575     0.14545    -0.54496],-33.418421197035634,10.289968892713015,0.29971858298229903,0.28871724346750793,0.28276122568530004,29.1,0.2282756532492103,0.7844524166639529,1.788276443559202
frame_220,0,255,1,1,False,False,True,3.797376141501278,True,True,[],[    0.81618     0.13057    -0.56286],-33.456236892312205,8.311596389862695,0.30253143494227386,0.3028926924946581,0.3022980234810779,29.1,1.1892692494658075,4.086835908817207,1.7870802465037563
frame_221,0,255,1,1,False,False,True,3.884761931905003,True,True,[],[     0.7957     0.13719    -0.58995],-36.22759281271787,9.78823071240455,0.30715369043691076,0.30723544833928074,0.3040344318624442,29.1,1.62354483392807,5.579191869168625,1.799768382129637
frame_222,0,255,1,1,False,False,True,3.8684930692577173,True,True,[],[    0.82035     0.13765    -0.55504],-33.544854756310066,9.073095877140831,0.2938337200893597,0.2932603953401971,0.29403752836427144,29.1,0.22603953401970633,0.7767681581433208,1.7953721519962356
frame_223,0,255,1,1,False,False,True,3.8931508036938975,True,True,[],[    0.84492     0.14052    -0.51611],-30.624642165230853,9.332911033177153,0.29765414105034893,0.29797142995626924,0.28882026975651476,29.1,0.6971429956269204,2.395680397343369,1.7894105056046725
frame_224,0,255,1,1,False,False,True,3.888224554321404,True,True,[],[    0.86274     0.15647    -0.48083],-27.89367307261026,9.988077533462516,0.3077624721188823,0.3061129100807436,0.30479616752057737,29.1,1.5112910080743558,5.193439890289882,1.7933432313924034
frame_225,0,255,1,1,False,False,True,3.867634049836847,True,True,[],[     0.8128     0.13066    -0.56769],-32.27763943791392,8.582835630721718,0.2891101033214616,0.28888457405636014,0.28391905914348003,29.1,0.21154259436398926,0.726950496096183,1.7829926816842752
frame_226,0,255,1,1,False,False,True,3.8217391926000253,True,True,[],[    0.79798     0.13707    -0.58689],-35.75527421611747,9.833562614599206,0.2958565003640953,0.2963079146737647,0.28194974557982305,29.1,0.530791467376468,1.8240256610875187,1.7939962227894386
frame_227,0,255,1,1,False,False,True,3.685740560324215,True,True,[],[    0.83108      0.1468    -0.53642],-31.293111842516275,9.726671970325278,0.29462310824091953,0.29522129979539247,0.2915202551226982,29.1,0.422129979539243,1.4506184863891511,1.7857517869972361
frame_228,0,255,1,1,False,False,True,3.6400002534883424,True,True,[],[    0.80414     0.14151    -0.57735],-32.31181289572942,9.47106011810002,0.2969106686024897,0.2990596890345488,0.2884260847951894,29.1,0.8059689034548789,2.7696525891920234,1.7809252887819997
frame_229,0,255,1,1,False,False,True,3.610492266459195,True,True,[],[    0.82343     0.14087    -0.54966],-33.595700285906325,9.500991390989858,0.31155649254182616,0.3117030210957197,0.31114724499206536,29.1,2.0703021095719643,7.114440239078915,1.7921714850483776
frame_230,0,255,1,1,False,False,True,3.6562072913425605,True,True,[],[     0.8226       0.143    -0.55035],-6.8504190593388925,9.256240952821775,0.2919941551004429,0.2508807038255747,0.2434862219556937,29.1,4.011929617442533,13.786699716297363,1.8326893448381159
frame_231,0,255,1,1,False,False,True,3.6622519277635956,True,True,[],[    0.80275     0.14774    -0.57772],-32.3838082744382,9.88053948049511,0.3176183676455473,0.31800482276066655,0.3081039885101362,29.1,2.7004822760666514,9.280007821534884,1.7782552444709923
frame_232,0,255,1,1,False,False,True,3.7315911225923095,True,True,[],[    0.82022     0.16469    -0.54783],-32.375421367607494,10.9540092892329,0.29593546303826423,0.2951128103899474,0.29517953577991446,29.1,0.41128103899473745,1.4133369037619843,1.79157856183856
frame_233,0,255,1,1,False,False,True,3.755286685519427,True,True,[],[    0.77641     0.14748    -0.61272],-32.96449644064951,11.901664375626039,0.3066705397067381,0.3083474027520743,0.3005706357403449,29.1,1.7347402752074248,5.96130678765438,1.7719781641187615
frame_234,0,255,1,1,False,False,True,3.794871815553452,True,True,[],[    0.79186     0.15946    -0.58951],-35.62015472556286,10.936554470312252,0.2849338894606127,0.28527564265211525,0.2956977382562212,29.1,0.572435734788479,1.9671331092387594,1.7996683429295346
frame_235,0,255,1,1,False,False,True,3.7329839827854348,True,True,[],[    0.81921     0.16247       -0.55],-33.721294249255315,11.218689247640858,0.27523863155915906,0.2750420090678737,0.2807269780541756,29.1,1.5957990932126354,5.483845681143077,1.7931142183563067
frame_236,0,255,1,1,False,False,True,3.736395396163629,True,True,[],[    0.77757     0.14553    -0.61173],-37.07260181819065,10.139482808674094,0.27859923069273795,0.27913712923052003,0.28720877693352675,29.1,1.1862870769480005,4.076587893292097,1.7950449435013234
frame_237,0,255,1,1,False,False,True,3.6551382755304322,True,True,[],[    0.78319     0.15643    -0.60178],-36.54962350436289,10.842726274232584,0.29836941545383044,0.29857151356919176,0.30406526872124606,29.1,0.7571513569191723,2.601894697316743,1.7964422355774041
frame_238,0,255,1,1,False,False,True,3.6335585613094126,True,True,[],[    0.73898     0.14433    -0.65809],-40.76208085500986,10.38768353368916,0.30382322780526483,0.3041269265269182,0.30623880951326565,29.1,1.312692652691816,4.510971315092151,1.7991754248761178
frame_239,0,255,1,1,False,False,True,3.4666357431497756,True,True,[],[    0.78762     0.16027    -0.59495],-32.49385873172997,11.207939493504991,0.2780815966404493,0.2807482066254928,0.27945387235041874,29.1,1.0251793374507212,3.5229530496588355,1.7839290314342051
frame_240,0,255,1,1,False,False,True,3.4524408933435002,True,True,[],[    0.73632     0.15404    -0.65887],-41.61795949897926,11.454437700141085,0.32910378945864394,0.29850845545010984,0.3055482511903848,29.1,0.7508455450109808,2.5802252405875628,1.8032716715212285
frame_241,0,255,1,1,False,False,True,3.44824226608391,True,True,[],[    0.78929     0.15357    -0.59451],-34.770498984146315,11.05184675471316,0.29765300077481105,0.29831823821513037,0.29437071111748025,29.1,0.7318238215130335,2.5148584931719364,1.785514413994174
frame_242,0,255,1,1,False,False,True,3.3351511608180755,True,True,[],[    0.70502     0.15268    -0.69256],-44.09997541277191,12.087505969403583,0.2948382117985304,0.29456256924068436,0.2923245223791757,29.1,0.3562569240684321,1.2242505981733063,1.809407003094095
frame_243,0,255,1,1,False,False,True,3.3010537264886475,True,True,[],[    0.75344     0.15577     -0.6388],-36.97335899427706,10.52091000325926,0.28854104689592663,0.29033880889555996,0.2851071530483036,29.1,0.06611911044400731,0.22721343795191518,1.7908202049867161
frame_244,0,255,1,1,False,False,True,3.7565216439869986,True,True,[],[    0.75285     0.15608    -0.63942],-38.081516789389866,11.265200028776574,0.2977489640636577,0.29883180617816607,0.29649229036995667,29.1,0.7831806178166034,2.691342329266678,1.7967535312811986
frame_245,0,255,1,1,False,False,True,3.5494806998590667,True,True,[],[    0.72913     0.16455     -0.6643],-39.77771025931287,12.009397453619812,0.2991855880423073,0.300753587544321,0.289758124308796,29.1,0.9753587544320985,3.3517482970175205,1.7999551757779462
frame_246,0,255,1,1,False,False,True,3.5861296221635253,True,True,[],[     0.7546     0.16798    -0.63432],-38.14118171978794,11.833570821635137,0.2983666949131587,0.2988398762251885,0.2926073046784398,29.1,0.7839876225188447,2.694115541301872,1.7914894802648966
frame_247,0,255,1,1,False,False,True,3.632768384865654,True,True,[],[    0.75075     0.17235    -0.63771],-38.03015530597557,11.963320742989623,0.289736687789083,0.29085759850486426,0.286075123593745,29.1,0.014240149513577993,0.0489352216961443,1.79004632743049
