frame_id,class_name,object_id,track_id,is_3D_complete,in_image_borders,does_overlap,overlapping_fish_ids,fish_direction,elevation_deg,azimuth_deg,raw_length,filtered_length,spine_length,gt,abs_error_m,rel_error_%,fish_dist_from_camera,aspect_ratio
frame_21,0,255,-1,0,True,False,[],,,,,,,28.9,,,,3.8666666666666667
frame_55,0,255,-1,0,True,False,[],,,,,,,28.9,,,,1.4055588431821233
frame_89,0,255,-1,1,False,False,[],[  0.0024459   -0.002565     0.99999],77.53053981137391,169.01704924398666,0.7363528654378271,0.3969098216882389,0.3569032603819145,28.9,10.790982168823898,3733.903864644948,2.226772657288185,5.990186526080818
frame_90,0,255,-1,1,False,False,[],[    0.03488   0.0027044     0.99939],85.78358930445724,156.962229254007,0.8754479232660088,0.3119491653719315,0.3728167900647247,28.9,2.2949165371931537,794.088767194863,2.1474747813504664,6.568627200211849
frame_91,0,255,4,1,False,False,[],[  -0.051677   -0.025612     0.99834],83.64111094106009,-174.12275104252112,0.4940520524240226,0.3553925761677119,0.3862903184998248,28.9,6.639257616771194,2297.320974661313,2.1503513441271385,7.182242771804733
frame_92,0,255,4,1,False,False,[],[     0.1285    -0.10275     0.98637],-40.23070820510831,-2.4990259182039267,1.1702967702527731,0.2795022156938236,0.2889894191042848,28.9,0.9497784306176372,328.6430555770371,2.201438046562973,6.3284668122010945
frame_93,0,255,4,1,False,False,[],[    0.29698    -0.17188     0.93929],79.4848873552229,-44.59775778249722,1.4048952234381904,0.8008690892792751,0.6994059375839109,28.9,51.18690892792752,17711.733193054504,2.1145383313298227,6.385713742157173
frame_94,0,255,4,1,False,False,[],[    0.36715    -0.20088     0.90821],83.62959827651174,-73.45107013102181,0.8842923521254327,0.380679180800092,0.4778371152675855,28.9,9.1679180800092,3172.289993082769,2.087264667599256,6.328358307060643
frame_95,0,255,4,1,False,False,[],[    0.60361    -0.23647     0.76141],-26.21811860289508,0.7974848713734104,0.9689574647661572,0.2831707954042467,0.2781465004549365,28.9,0.5829204595753257,201.70258116793275,2.148745030588448,6.438932216018663
frame_96,0,255,4,1,False,False,[],[    0.95409    -0.10933     0.27884],6.027138032689489,-5.554983817852359,0.3420089407741533,0.2423653312029395,0.2402403198483233,28.9,4.663466879706041,1613.6563597598758,2.1411216050188187,5.933333333333334
frame_97,0,255,4,1,False,False,[],[  -0.017735    -0.17997     0.98351],51.35812387062586,175.57617823692027,0.5206913203890418,0.248940340232515,0.2627942107880687,28.9,4.005965976748499,1386.1473967987886,1.964871090407274,5.641790873091655
frame_98,0,255,4,1,False,False,[],[    0.87779    -0.11899    -0.46403],-30.158943854378524,-7.528209186221277,0.2617856440578839,0.2585383880141052,0.3604865041310613,28.9,3.046161198589475,1054.0350168129671,1.9819432414777869,6.046511701545976
frame_99,0,255,4,1,False,False,[],[    0.65076    -0.30491     0.69537],-24.211023398811307,-8.288811337397538,0.3841703730082797,0.2691607568731475,0.3289766542646339,28.9,1.9839243126852424,686.4790009291496,1.9469970006558088,5.823529604318283
frame_100,0,255,4,1,False,False,[],[    0.81984    -0.15637    -0.55083],-31.63803028613927,-11.50068403025514,0.269510752639259,0.2703489063876071,0.3595798588423622,28.9,1.865109361239281,645.3665609824502,1.8784539030819405,6.643677863627515
frame_101,0,255,4,1,False,False,[],[   -0.57201   -0.021878     0.81995],52.72455994364636,-179.35503387488637,0.3736691094387299,0.2955189760262866,0.3367623374932854,28.9,0.6518976026286649,225.57010471580105,1.8297651828530863,6.527777610906248
frame_102,0,255,4,1,False,False,[],[    0.99577   -0.086841   -0.029891],-6.264848767399938,-4.42344687557662,0.2872704659924439,0.285884100110034,0.2777714856137843,28.9,0.3115899889965912,107.81660518913188,1.8643803858675088,6.026414708929958
frame_103,0,255,4,1,False,False,[],[    0.72572    -0.29145     0.62321],-5.18585702984401,-4.673223914349314,0.4342307753674908,0.2797149087605952,0.2797563502827241,28.9,0.928509123940474,321.28343388943745,1.8320468282409028,5.747127155235046
frame_104,0,255,4,1,False,False,[],[    0.72223    -0.28727     0.62917],-1.1554202553311983,-8.260688801258784,0.4415158431496682,0.2854518440555677,0.3139113161769423,28.9,0.3548155944432252,122.7735620910814,1.7683437346346382,5.712328754468952
frame_105,0,255,4,1,False,False,[],[    0.49069    -0.28164     0.82456],-40.54610379713517,-6.779128014623252,0.52694332768472,0.2596398113604732,0.3143505131294994,28.9,2.936018863952677,1015.9234823365664,1.7153383516520262,6.329114206310035
frame_106,0,255,4,1,False,False,[],[    0.91951    -0.27262    -0.28315],-32.94997523187769,-13.828048519415177,0.2906422990953156,0.2737351610131794,0.261625275111419,28.9,1.5264838986820517,528.195120651229,1.7107407878899683,6.586207513334961
frame_107,0,255,4,1,False,False,[],[    0.87053    -0.27507    -0.40807],-30.67744934400627,-16.3987051256897,0.2563544168162553,0.2457915038388654,0.2437109815769922,28.9,4.320849616113459,1495.1036733956605,1.7050559433591723,6.290000506379405
frame_108,0,255,4,1,False,False,[],[    0.95232    -0.21716     0.21432],1.903632845952267,-11.274773628983532,0.2847878408957505,0.278315696397352,0.3139075035290609,28.9,1.0684303602647938,369.6990865968145,1.7227159356537332,5.164285325383679
frame_109,0,255,4,1,False,False,[],[    0.95065    0.051318     0.30601],18.115791646014895,3.0871388880641786,0.2766278097465212,0.2764971675967843,0.2972537358979963,28.9,1.250283240321565,432.6239585887768,1.7680595540071622,4.638202420128229
frame_110,0,255,4,1,False,False,[],[    0.64423    0.041554     0.76371],25.944553429120607,13.659754636113844,1.4248828281667492,0.2876075553229664,0.2929659922487574,28.9,0.1392444677033533,48.181476713963086,1.752822704233208,5.370748433017926
frame_111,0,255,4,1,False,False,[],[    0.59082     0.07189      0.8036],31.30723951986483,17.68582612170815,1.4375430436230554,0.306596378255449,0.2844984826351994,28.9,1.7596378255449074,608.8712199117327,1.740242772048206,6.299999712115123
frame_112,0,255,4,1,False,False,[],[    0.50395    0.017175     0.86356],33.060235841614364,15.166405745980676,1.528063076284161,0.3606871082067115,0.2740676372353732,28.9,7.168710820671159,2480.5227753187405,1.7245892912516352,5.452685439173075
frame_113,0,255,4,1,False,False,[],[    0.74497     0.13296     0.65371],35.313903326571214,12.013442014368108,0.5041440172064027,0.3238878033464559,0.2831359255877538,28.9,3.488780334645597,1207.1904272130091,1.7208916847731408,5.548387611434411
frame_114,0,255,4,1,False,False,[],[    0.33587   -0.077872     0.93868],34.295445592728086,10.710684471713275,1.509281054775374,0.3336711960733104,0.3060520793638852,28.9,4.467119607331044,1545.7161271041673,1.7138150090036564,5.741771702384286
frame_115,0,255,4,1,False,False,[],[    0.70278     0.12119     0.70101],29.799113285904287,13.579171258136135,0.6942900870972522,0.3143205442276026,0.2968407343959138,28.9,2.53205442276026,876.1433988789829,1.7035058017504416,5.052631127833011
frame_116,0,255,4,1,False,False,[],[    0.66261    0.052819      0.7471],21.67517318420566,10.2305443202121,0.845850216305938,0.299619859600571,0.3176484159607379,28.9,1.0619859600571049,367.4691903311781,1.7026198756380229,4.865183539803282
frame_117,0,255,4,1,False,False,[],[    0.26996   -0.099226     0.95774],24.393459482038317,7.826143857393911,1.586686591044104,0.3449684621255757,0.2998292124414035,28.9,5.596846212557577,1936.6249870441443,1.6768158673641371,5.105288590468986
frame_118,0,255,4,1,False,False,[],[     0.1115    -0.15362     0.98182],0.9733052789985313,0.2044103016410574,1.598873666703985,0.2703826200826527,0.4089368355992666,28.9,1.8617379917347296,644.199997140045,1.6188750848012712,6.842105263157895
frame_119,0,255,4,1,False,False,[],[     0.1804    -0.15245     0.97171],-5.858896619469846,-10.21866176511939,1.4704327070513263,0.2729505368565127,0.2782745075880898,28.9,1.6049463143487264,555.3447454493863,1.5873525928420495,5.541666976019905
frame_120,0,255,4,1,False,False,[],[  -0.046831    -0.12574     0.99096],-14.683751225992824,-18.484103937387687,1.6704142582699044,0.2989250744562337,0.289150423726454,28.9,0.9925074456233752,343.42818187660043,1.5678570856924805,5.296779842479492
frame_121,0,255,4,1,False,False,[],[   0.020058    -0.14428     0.98933],-7.202291704649486,-15.248921476575369,1.632114723842147,0.2997020209106131,0.2910596991796318,28.9,1.0702020910613177,370.31214223575,1.5534726663347784,5.415816159272874
frame_122,0,255,4,1,False,False,[],[   -0.16589   -0.098233     0.98124],-0.7663775689363073,-10.682887343037487,1.284333735042342,0.284659056540983,0.2766119306912978,28.9,0.4340943459016921,150.20565602134675,1.541391998695642,5.3030303007976105
frame_123,0,255,4,1,False,False,[],[    0.15605    -0.15162     0.97604],-2.491165091856553,-13.54995032557203,1.7100097316496317,0.3072151400287934,0.3237618139925162,28.9,1.8215140028793488,630.2816618959685,1.5173545739853438,5.434598943229822
frame_124,0,255,4,1,False,False,[],[    0.13826    -0.14265     0.98007],-23.137985245037648,-11.953494518026716,1.6803763420304885,0.2372589260239,0.2248856193056739,28.9,5.174107397609995,1790.3485804878876,1.483603134859143,5.3829227525835
frame_125,0,255,4,1,False,False,[],[   0.035944    -0.11452     0.99277],1.0693056384145203,-10.501763288967148,1.7449429888746242,0.2845472544683801,0.285266656080986,28.9,0.4452745531619895,154.07423984843928,1.4955161605055505,5.088757656428256
frame_126,0,255,4,1,False,False,[],[    0.14888    -0.11875      0.9817],4.830120699487155,-8.423732369361534,1.5297390099652992,0.2803402536666651,0.2760020023639659,28.9,0.8659746333334883,299.6452018454977,1.477129770009244,4.965116783400039
frame_127,0,255,4,1,False,False,[],[    0.17877    -0.15161     0.97214],11.915277079126218,3.226260344767626,1.4358908984827456,0.2898730528603108,0.2899996727777875,28.9,0.0873052860310863,30.209441533247876,1.4764550599598714,4.835737012575919
frame_128,0,255,4,1,False,False,[],[  -0.005477    -0.14911     0.98881],14.227552763514016,4.835310776038353,1.7391908285879456,0.303458224740975,0.3062017800338192,28.9,1.445822474097508,500.2845931133246,1.4881286394627553,4.980429374913499
frame_129,0,255,4,1,False,False,[],[    0.06262    -0.13718     0.98856],14.476847970724512,4.545962075551754,1.7651254055358108,0.287243692486742,0.3028294847470221,28.9,0.1756307513258004,60.77188627190326,1.461097968875544,5.103143879293294
frame_130,0,255,4,1,False,False,[],[   0.077186    -0.13409     0.98796],11.457595851497516,2.239995574049946,1.7366752283610778,0.2911162712157268,0.2937359728005367,28.9,0.2116271215726828,73.22737770681067,1.417567156355253,5.1203864078496855
frame_131,0,255,4,1,False,False,[],[    0.13305    -0.13562     0.98179],8.530291431679533,-11.365182732283987,1.840483393706238,0.2878759342621351,0.300438568828499,28.9,0.1124065737864832,38.89500823061704,1.398659959157536,5.159999954918142
frame_132,0,255,4,1,False,False,[],[    0.10344    -0.14824     0.98353],-5.351421232441251,-15.875863792514991,1.783280618524511,0.2786971426682945,0.2896054369907652,28.9,1.030285733170544,356.50025369222976,1.3774742174696242,5.1296824945907336
frame_133,0,255,4,1,False,False,[],[    0.19907    -0.17396     0.96442],-1.117384628762856,-19.313827221674774,1.7917561498472991,0.2859712437429243,0.2987785703454099,28.9,0.302875625707566,104.80125457009204,1.37212302922262,5.25189452846407
frame_134,0,255,4,1,False,False,[],[    0.13818    -0.16414     0.97671],6.071345386223286,-15.764889121176884,1.9211019923601125,0.2868796120718491,0.2878280508915943,28.9,0.2120387928150835,73.36982450348911,1.3659113596249894,5.129574717731848
frame_135,0,255,4,1,False,False,[],[    0.53853    -0.19266     0.82029],6.368782250873513,-12.547383441574544,1.084794904383161,0.2828990419775265,0.2747301193208141,28.9,0.6100958022473457,211.1058139264172,1.3641142777993644,5.136132509249611
frame_136,0,255,4,1,False,False,[],[    0.17676    -0.15588     0.97183],12.094437824547535,-13.447145915843578,1.770032452168637,0.2881915088152154,0.2855154893274502,28.9,0.0808491184784543,27.97547352195652,1.357561457453598,5.0133801742546344
frame_137,0,255,4,1,False,False,[],[    0.03475    -0.11685     0.99254],8.585712590698543,-1.7785626852316487,1.752858370826626,0.2794523997065443,0.2757839804486982,28.9,0.9547600293455638,330.36679216109474,1.348034198006121,5.62962962962963
frame_138,0,255,4,1,False,False,[],[      0.152    -0.12145     0.98089],8.908016550788348,-1.4095822958172424,1.712670062705602,0.2868394021152717,0.287390239012518,28.9,0.2160597884728221,74.76117248194538,1.3465150939726585,5.5
frame_139,0,255,4,1,False,False,[],[    0.15888     -0.1074     0.98144],10.574984121144736,-0.6870045534570564,1.7987728998687174,0.2890293969951497,0.2919746203094477,28.9,0.0029396995149755,1.0171970640053718,1.3381340345028228,5.344827586206897
frame_140,0,255,4,1,False,False,[],[    0.20745    -0.16048     0.96499],8.598068819511566,-9.1510059843088,1.4595462995689246,0.2861200423681966,0.2840558340105239,28.9,0.2879957631803376,99.65251321118949,1.3294229912935855,5.059868846685374
frame_141,0,255,4,1,False,False,[],[     0.1843    -0.13973     0.97289],8.378133268064838,-14.17412342923163,1.540615965953016,0.284752263975549,0.2897864267135006,28.9,0.4247736024450943,146.98048527511915,1.3186031335005604,5.106982892947898
frame_142,0,255,4,1,False,False,[],[    0.38769    -0.24733     0.88799],9.69224281907412,-21.02286884028733,1.10971719428163,0.2883176432259126,0.2945049457213914,28.9,0.0682356774087344,23.6109610410846,1.3123625582399223,5.113660617072305
frame_143,0,255,4,1,False,False,[],[  -0.035727    -0.13636     0.99002],10.407512115379184,-18.75017675781637,1.7002437243445028,0.289195603749393,0.2952114589189942,28.9,0.0195603749393036,6.768295826748661,1.3096985374864685,5.1126617627676545
frame_144,0,255,4,1,False,False,[],[    0.89841    -0.36637     0.24213],1.9604673184850847,-19.36540252495153,0.3147327537049873,0.2765248706190381,0.2721848112969917,28.9,1.2475129380961902,431.6653765038721,1.2966924637749266,5.213178299470102
frame_145,0,255,4,1,False,False,[],[    0.29615    -0.18354     0.93734],16.5136060129088,-12.618830037178842,1.557803005378389,0.2885595762813946,0.2856404166845387,28.9,0.0440423718605365,15.239575038247924,1.3032265822067337,5.102194308371019
frame_146,0,255,4,1,False,False,[],[    0.16365    -0.12402     0.97869],13.452539909430836,-6.446684694233914,1.769558337571713,0.2853008068975138,0.2810311213515111,28.9,0.3699193102486175,127.9997613317016,1.2988054277031285,5.061358300012771
frame_147,0,255,4,1,False,False,[],[     0.1563    -0.12595     0.97965],10.203474481262832,-4.952912289373861,1.8857766754751288,0.2845181968302783,0.2784259129441384,28.9,0.4481803169721632,155.07969445403575,1.2909055796987288,4.921389501791679
frame_148,0,255,4,1,False,False,[],[    0.16304    -0.13386      0.9775],11.047494199300344,-2.1691602276304915,1.7379916896894974,0.2821267304343826,0.2800773967236308,28.9,0.6873269565617346,237.82939673416425,1.2914380669518266,5.266666666666667
frame_149,0,255,5,1,True,False,[],[    0.55417     0.21508     0.80414],-7.866415255228115,-35.907466552658285,1.2532326154882198,0.1043842044003439,0.1220342693602345,28.9,18.461579559965607,6388.089813136889,1.7747161852246591,1.0
frame_149,0,127,4,1,False,False,[],[   0.084471    -0.12224      0.9889],9.991575532044278,-4.562236340575229,1.7253928229701718,0.2873602792043617,0.2899491119060985,28.9,0.1639720795638288,56.73774379371241,1.2918963215500117,5.029474252157126
frame_151,0,255,4,1,False,False,[],[    0.26774    -0.18881     0.94481],10.82258980681832,-14.68835619246054,1.6955315924345131,0.2940529548320645,0.2850810241082984,28.9,0.5052954832064527,174.84272775309782,1.2817256668648191,5.0428615374260515
frame_152,0,255,4,1,False,False,[],[   0.065803    -0.14335     0.98748],9.03338238811866,-17.993202528889107,1.8687253407036832,0.2862477960650008,0.289723114736564,28.9,0.2752203934999142,95.23197006917448,1.2733822482932262,5.058961933742
frame_154,0,255,4,1,False,False,[],[    0.11558     -0.1499     0.98192],6.952418599543891,-13.891668748390552,1.866155018035765,0.2856953626996483,0.2840903616920784,28.9,0.3304637300351687,114.34731143085423,1.278270971230946,5.12848470811585
frame_155,0,255,4,1,False,False,[],[     0.1024    -0.11148     0.98848],8.372145904344409,-3.760377896999888,1.883197962057016,0.2881625645592821,0.2959168896932706,28.9,0.0837435440717904,28.977004869131637,1.276811322839357,5.098253078937573
frame_156,0,255,4,1,False,False,[],[    0.19807   -0.099845     0.97509],10.284440423004591,5.964535694084316,1.7314757485418366,0.2888724371776852,0.2878320493395743,28.9,0.0127562822314797,4.413938488401292,1.283549955715643,4.945212731600958
frame_157,0,255,4,1,False,False,[],[    0.16043    -0.10987     0.98091],12.02797958545051,10.10248182215985,1.71579134059608,0.2864153639360738,0.2905904407691699,28.9,0.2584636063926171,89.43377383827583,1.2820785306652602,5.137426951251608
frame_158,0,255,4,1,False,False,[],[    0.57781    0.046482     0.81485],17.510903586832235,13.601358318194784,1.168062331478369,0.2885332609581681,0.2965353254827941,28.9,0.0466739041831865,16.15013985577388,1.292104380212885,5.260482950646744
frame_159,0,255,4,1,False,False,[],[    0.26303   -0.069716     0.96227],19.54689993854898,9.8548288571486,1.652893117018832,0.3094745682231845,0.2877501573594844,28.9,2.0474568223184497,708.4625682762803,1.2877267447233616,5.145985470260973
frame_160,0,255,4,1,False,False,[],[    0.15072    -0.10063     0.98344],17.53039066725814,4.938905808551674,1.894610130614464,0.2927929627753367,0.295729306767814,28.9,0.379296277533675,131.24438668985294,1.2754372819755857,5.092838182590553
frame_162,0,255,4,1,False,False,[],[   0.066333    -0.17176      0.9829],9.746586590479277,-21.50503059389217,1.7020737111717956,0.2852522562778571,0.2856806727402476,28.9,0.3747743722142815,129.67971356895555,1.23752815813129,5.120596331818152
frame_163,0,255,4,1,False,False,[],[   0.011238    -0.24523      0.9694],4.670453509988936,-42.11128722119384,1.7821434708601311,0.2862342443724079,0.2826523760107929,28.9,0.2765755627592015,95.7008867678898,1.2356116116724232,5.403883814273289
frame_165,0,255,4,1,False,False,[],[    0.11074    -0.31113     0.94389],54.57954877201255,-55.45103518190447,1.3823637838017773,1.2616467025641187,0.4231286771633648,28.9,97.26467025641188,33655.59524443318,1.2396139093261351,5.351661645785956
frame_166,0,255,4,1,False,False,[],[    0.15064    -0.31052     0.93855],-4.559946075224193,-41.92492193905955,1.484340345896956,0.2317657851490626,0.2198967477120943,28.9,5.723421485093738,1980.4226592019852,1.219155658977377,5.347826102253676
frame_167,0,255,4,1,False,False,[],[    0.13962    -0.21359      0.9669],-9.76340757432633,-25.66261461781971,1.1115244986343475,0.2310928075632297,0.221297612445591,28.9,5.790719243677023,2003.7090808571013,1.2019768794468548,5.041666538322927
frame_168,0,255,4,1,False,False,[],[    0.11383    -0.16747     0.97928],-7.075124756459724,-20.18935883213978,1.652412862192822,0.2392066497293129,0.2279432156545762,28.9,4.9793350270687045,1722.9532965635656,1.1926691164088596,4.467628924703527
frame_169,0,255,4,1,False,False,[],[   -0.11777    -0.11762     0.98605],-1.0476110462389892,-11.40898020313403,0.8907438481469583,0.2804622082843216,0.2781842842926718,28.9,0.8537791715678311,295.4253188816025,1.185321178626101,5.084044782738649
frame_172,0,255,-1,1,False,False,[],[    0.31372      0.6273     0.71279],14.10618714987159,60.00115254112932,0.8139754970063209,0.2351164577636571,0.2282812232444243,28.9,5.388354223634284,1864.4824303232815,2.0695805675794987,3.6899143775393264
frame_175,0,255,4,1,False,False,[],[    0.14337    -0.12684     0.98151],9.248787237908864,-10.523515006287523,1.9819903231332665,0.2855367929285997,0.2834819014243581,28.9,0.3463207071400298,119.8341547197335,1.204804982747673,5.07881758421129
frame_176,0,255,4,1,False,False,[],[    0.10939    -0.13217     0.98517],17.638895760429033,-4.38105214847683,1.845911792591984,0.3971346613979,0.2891586045291501,28.9,10.813466139790002,3741.683785394464,1.219537282439074,4.959076410219095
frame_177,0,255,4,1,False,False,[],[    0.14235    -0.15622     0.97741],8.226251164428442,-8.919588429679445,1.6810429155694648,0.2826836600647736,0.2808585304435787,28.9,0.6316339935226345,218.5584752673476,1.2217760670646605,5.051063354537178
frame_178,0,255,4,1,False,False,[],[   0.064062    -0.17634     0.98224],8.801707852578424,-11.966568729410648,1.8714164982052852,0.2855625481001725,0.3006178556895376,28.9,0.3437451899827415,118.9429723123673,1.2240360717515688,5.189041644596955
frame_179,0,255,4,1,False,False,[],[   0.067686    -0.15138     0.98616],5.767565448753411,-15.423910673570852,1.8631508859419024,0.2822425335229624,0.2858657419833578,28.9,0.6757466477037566,233.82236944766663,1.230564481292452,5.548155657060741
frame_180,0,255,4,1,False,False,[],[   0.057669    -0.12746     0.99017],2.415571923706392,-24.8782513487835,1.986527339414189,0.28943438475655,0.2873405019419778,28.9,0.0434384756550054,15.030614413496703,1.2434343846262876,5.576667022541932
frame_181,0,255,4,1,False,False,[],[   0.041368    -0.08133     0.99583],-0.7694473425945985,-22.06969382327368,1.8670913514006635,0.2850840274846759,0.2812402083715223,28.9,0.3915972515324051,135.5007790769568,1.257108491460938,5.392790548678287
frame_182,0,255,4,1,False,False,[],[   0.059912   -0.086334     0.99446],-1.8596324043095047,-18.071809518304537,1.8869643605944224,0.2845013647068188,0.2759626361026868,28.9,0.4498635293181119,155.66212087131902,1.2749066525666983,5.495879502164814
frame_183,0,255,4,1,False,False,[],[     0.1518    -0.14386     0.97789],-5.753327507836769,-17.55172707485309,1.8660049447585936,0.2854083624367244,0.2876839338721751,28.9,0.3591637563275573,124.27811637631746,1.291834605509588,5.339095732808776
frame_184,0,255,4,1,False,False,[],[    0.86681    -0.34368    -0.36129],-7.95294592863711,-22.463309750982187,0.4792449650954541,0.2854588091800858,0.2911744443654515,28.9,0.3541190819914164,122.53255432228944,1.302269087124251,5.419219833476259
frame_185,0,255,4,1,False,False,[],[    0.22881    -0.15363     0.96127],-3.552621361646709,-16.9631904455724,1.5849019961427588,0.2831349452513823,0.2799634268501482,28.9,0.5865054748617704,202.94307088642572,1.3233646948142277,4.964788689303686
frame_186,0,255,4,1,False,False,[],[     0.2226    -0.15332     0.96278],-2.6999468671328297,-8.05276170317066,1.7391273919510215,0.2913143908966411,0.2824687750888099,28.9,0.2314390896641149,80.08272998758305,1.3427728256874956,5.058296280898592
frame_187,0,255,4,1,False,False,[],[     0.2471    -0.12429     0.96098],-1.2180323245028084,1.57119031838911,1.6110907246988904,0.2887774985317123,0.2892121431408851,28.9,0.0222501468287672,7.69901274351808,1.3562099023253185,5.233333333333333
frame_188,0,255,4,1,False,False,[],[    0.15101    -0.15886     0.97568],2.1523931063864765,6.408311058041595,1.816699659343424,0.2860887150104972,0.3014821934531349,28.9,0.2911284989502716,100.7365048270836,1.3849918826317045,5.028848785839667
frame_189,0,255,4,1,False,False,[],[    0.15979     -0.1535     0.97514],3.731533971002453,3.504806068427169,1.711831590228587,0.2902927316267994,0.2929192330263243,28.9,0.1292731626799492,44.731198159152,1.3876867471216934,4.913567765811201
frame_190,0,255,4,1,False,False,[],[    0.57678    -0.12834     0.80675],1.5402322427275246,-3.7647875241574336,1.4347242669870657,0.2882463722008496,0.2810712626018747,28.9,0.0753627799150336,26.07708647579017,1.3889063221310558,5.06153863773158
frame_191,0,255,4,1,False,False,[],[    0.82252    -0.14691     0.54943],1.2675308780916794,-5.667452137521577,0.9301317433516434,0.2891390174513112,0.2862348209774646,28.9,0.0139017451311229,4.810292432914522,1.4056870945906028,5.188128490237286
frame_192,0,255,4,1,False,False,[],[    0.34502    -0.15737     0.92531],-1.2989686159806788,-9.330014483815074,1.7471101535282476,0.2854264382195073,0.2834176545404379,28.9,0.3573561780492618,123.65265676445046,1.4096625255555222,5.202749764498011
frame_193,0,255,4,1,False,False,[],[    0.31325    -0.15186     0.93745],-1.268713419347422,-15.41040053777508,1.861923829835905,0.2891014576264976,0.2952900978870302,28.9,0.0101457626497658,3.510644515489916,1.425702870274013,5.326019210548131
frame_194,0,255,4,1,False,False,[],[    0.37722     -0.1659     0.91114],-2.027522623747542,-16.61392547166678,1.3930101927813692,0.2889738672437634,0.2893521713197041,28.9,0.0026132756236585,0.9042476206430934,1.437671866043163,5.25420225789399
frame_195,0,255,4,1,False,False,[],[     0.3345    -0.15917     0.92886],-2.018068235298409,-16.0662693065884,1.8292939001580075,0.2905148731271224,0.3100783119823057,28.9,0.1514873127122395,52.41775526375072,1.4346195158072774,5.409537085664702
frame_196,0,255,4,1,False,False,[],[     0.3409    -0.15654     0.92697],-9.133266859281536,-15.423325315046794,1.7219036448536564,0.2850498381225296,0.3185022256176927,28.9,0.3950161877470326,136.6838019885926,1.442596617201399,5.505102396127984
frame_197,0,255,4,1,False,False,[],[     0.1532   -0.096476     0.98347],-8.211348274250128,-14.174823774111143,1.7295587333044573,0.2850332652976526,0.3022600223486067,28.9,0.3966734702347374,137.25725613658736,1.4465909875208331,5.214503631100919
frame_198,0,255,4,1,False,False,[],[    0.29034    -0.11311     0.95022],-3.8639824140147394,-6.340691555071208,1.663356465066509,0.2864174790112787,0.2903393219366049,28.9,0.2582520988721304,89.36058784502782,1.4751847337858124,5.239010158805522
frame_199,0,255,4,1,False,False,[],[    0.24989     -0.1341     0.95894],-4.404087890200015,-0.9773572917183232,1.780419491746834,0.2898430012686772,0.2927146041999465,28.9,0.0843001268677257,29.16959407187741,1.4779076083000466,5.4102402428190635
frame_200,0,255,4,1,False,False,[],[    0.17351    -0.12103     0.97737],-4.829889119539949,-5.438619574442753,1.60734482061171,0.2881773946279291,0.280530822774828,28.9,0.0822605372070905,28.463853704875643,1.4761818680748815,5.286144393071141
frame_201,0,255,4,1,False,False,[],[    0.25596    -0.14111     0.95633],-4.737685455733396,-3.497782149755944,1.7474896757992209,0.2888533647100554,0.2887409064105845,28.9,0.0146635289944518,5.073885465208267,1.4764715121664829,5.3161291728625
frame_202,0,255,4,1,False,False,[],[    0.38181    -0.12259     0.91608],-6.149150399216507,-1.746827374603779,1.6006465254151443,0.2905811527460961,0.2921147721599887,28.9,0.1581152746096159,54.71116768498822,1.481806894774505,5.327074574255373
frame_203,0,255,4,1,False,False,[],[    0.24563    -0.11812     0.96214],-8.79661297749749,-9.771923200874102,1.7274836177762725,0.2876812711873424,0.2871548033535798,28.9,0.1318728812657599,45.63075476323873,1.477184619319405,5.336735088007989
frame_204,0,255,4,1,False,False,[],[    0.27568    -0.13178     0.95217],-7.263678984479058,-9.76073534305866,1.8592372928370249,0.2878800899829362,0.2988787226588293,28.9,0.1119910017063796,38.75121166310715,1.468428719125382,5.390205866365854
frame_205,0,255,4,1,False,False,[],[    0.17247    -0.12838     0.97661],-9.64375727443094,-10.291975914616136,1.7420975545271953,0.284023844037936,0.2828908089240026,28.9,0.497615596206391,172.18532740705575,1.4775921036924275,5.26537294327753
frame_206,0,255,4,1,False,False,[],[     0.2564    -0.14202     0.95608],-28.342814485879632,-16.925246115306102,1.6632079084216649,0.2768027895362949,0.3303716605086567,28.9,1.2197210463705033,422.0488049724925,1.4438937114930783,5.406065177825621
frame_207,0,255,4,1,False,False,[],[    0.11661    -0.11407     0.98661],-12.20656912160032,-14.016899992022932,1.804294605435672,0.2887250054306632,0.3157028886382165,28.9,0.0274994569336717,9.515383022031742,1.4518246672746074,5.438015850064882
frame_208,0,255,4,1,False,False,[],[    0.16427    -0.13861     0.97663],-7.428566739657637,-9.201864162521105,1.6282565704505745,0.2867068613742315,0.2930782895364859,28.9,0.2293138625768409,79.34735729302456,1.4615670779505907,5.227887451790482
frame_209,0,255,4,1,False,False,[],[    0.10483    -0.11227     0.98813],-8.287146499109385,-10.017550560068145,1.5319243358458334,0.2884858654004528,0.2923089475495548,28.9,0.0514134599547133,17.79012455180393,1.4564224908433336,5.309859095121238
frame_210,0,255,4,1,False,False,[],[    0.20865    -0.13014     0.96929],-7.34496173083793,-9.20698260043974,1.6813630410204474,0.2855069400183538,0.2814364497298554,28.9,0.3493059981646118,120.86712739259926,1.4571599806852722,5.238372367934236
frame_211,0,255,4,1,False,False,[],[    0.48367    -0.16097     0.86032],-6.848566663229367,-5.181471997762243,1.4718405348506514,0.2866416274728558,0.2827340166925916,28.9,0.2358372527144159,81.60458571433077,1.4521956492279966,5.185656976740304
frame_212,0,255,4,1,False,False,[],[    0.34686    -0.14341     0.92689],-4.9230217196714445,-3.4438331370626805,1.390211975858886,0.2864459404167386,0.2797922955239287,28.9,0.2554059583261381,88.3757641266914,1.4477791309191923,5.249799405367517
frame_213,0,255,4,1,False,False,[],[    0.10008    -0.12711     0.98683],-7.965197727117019,-9.153822937067538,1.70110505164836,0.2847411542536809,0.2875261944389573,28.9,0.4258845746319017,147.36490471692102,1.4340931353431725,5.244564325132272
frame_214,0,255,4,1,False,False,[],[    0.28637    -0.14631     0.94688],-11.050191669013774,-12.04238478844964,1.7248749491596251,0.2847001026542772,0.2991959362158606,28.9,0.4299897345722725,148.78537528452338,1.414577447298467,5.243023471888629
frame_215,0,255,7,1,True,False,[],[    0.51128     0.34846      0.7856],41.47747691410523,47.30957267297642,0.901320178347056,0.3972914928292481,0.3887822887048492,28.9,10.829149282924815,3747.1104785206976,2.7208850441752253,1.183673469387755
frame_215,0,127,4,1,False,False,[],[    0.14746    -0.10369     0.98362],-7.432627338599526,-9.61940216733499,1.4275788112636605,0.2879575550835911,0.3110872157149827,28.9,0.1042444916408869,36.07075835324806,1.4077621204247746,5.231405817930138
frame_216,0,255,7,1,True,False,[],[    0.41332     0.34758     0.84164],57.54468824555721,56.99896361826483,0.7183925329011731,0.4232573826128907,0.4553729913603779,28.9,13.425738261289071,4645.5841734564265,2.702305988421231,1.0816326530612246
frame_216,0,127,4,1,False,False,[],[    0.28729    -0.15706     0.94488],-9.886718120907636,-16.00632655663672,1.7384690628027242,0.2869414714834954,0.3025821382318762,28.9,0.2058528516504565,71.22936043268392,1.3956798130105106,5.404873739589227
frame_217,0,255,4,1,False,False,[],[    0.11879    -0.13178     0.98413],-3.824695080437497,-16.210822344684424,1.855846817241189,0.2879162902322936,0.2886411830627422,28.9,0.1083709767706331,37.49860787911181,1.4052989466674133,5.0088884582604845
frame_218,0,255,4,1,False,False,[],[   0.060683    -0.10122     0.99301],-5.988900662054054,-7.067759653051159,1.4608909211420875,0.2870313165703566,0.2839074984601304,28.9,0.1968683429643347,68.12053389769369,1.4018387545216404,5.3565602959897545
frame_219,0,255,7,1,True,False,[],[    0.46721     0.40622     0.78531],48.46589929718808,55.3977733503612,0.755436615117091,0.3366485054219921,0.2989721702394945,28.9,4.764850542199212,1648.7372118336375,2.7332364205845066,1.0
frame_219,0,127,4,1,False,False,[],[    0.14962    -0.10171      0.9835],-5.055180874105822,2.5606916106029507,1.8034129564153287,0.2877550087917003,0.278104599258335,28.9,0.1244991208299628,43.07928056400099,1.404555626091757,5.666666666666667
frame_220,0,255,4,1,False,False,[],[    0.33265    -0.12046     0.93533],-6.756637509653635,9.750830587085558,1.6838656029308965,0.287684805681513,0.2793671534010881,28.9,0.1315194318486978,45.50845392688508,1.4029737393897248,5.148600591385926
frame_221,0,255,4,1,False,False,[],[    0.21908    -0.14368     0.96507],-2.6664197633679976,13.15538198217351,1.8332283809080077,0.2857191623522375,0.2893660062291778,28.9,0.3280837647762435,113.5237940402227,1.4094028342364613,5.384328531174906
frame_222,0,255,7,1,True,False,[],[    0.39518     0.41576     0.81914],55.64034363653193,48.81704978803014,0.5742229161033436,0.4950603499092234,0.5031443671709368,28.9,20.606034990922343,7130.115913813961,2.702876242530315,1.0425531914893618
frame_222,0,127,4,1,False,False,[],[    0.15842    -0.15501     0.97513],-4.6307091127943805,10.162929432016004,1.8894701639521512,0.2915512853087487,0.2974059025893035,28.9,0.2551285308748707,88.27976846881342,1.40410738226301,5.341538156278282
frame_223,0,255,4,1,False,False,[],[    0.35889    -0.16323     0.91899],-3.1800527038363278,-4.164005516528969,1.5776859876868887,0.2866349055454433,0.2900252044805309,28.9,0.2365094454556626,81.83717835836079,1.3802685917077488,5.189353362717149
frame_224,0,255,4,1,False,False,[],[    0.64438    -0.16158     0.74744],-1.44782445815781,-8.64082289173336,1.3242996284604929,0.28806783856817,0.289280632021537,28.9,0.0932161431830003,32.254720824567585,1.381202570453849,4.95096628964143
frame_225,0,255,4,1,False,False,[],[    0.76481    -0.25891     0.58994],0.1204149294602827,-16.41186540253533,1.1779128927491025,0.2843630832156215,0.2819836588801677,28.9,0.4636916784378442,160.4469475563475,1.3727321882952868,5.025616141667358
frame_226,0,255,4,1,False,False,[],[    0.26592    -0.16906     0.94906],-2.1353771526797245,-18.98834733161941,1.8089538506693172,0.2859897472932233,0.2855959067590213,28.9,0.3010252706776628,104.16099331407018,1.3654287692164362,5.1808519061739755
frame_227,0,255,4,1,False,False,[],[    0.22856     -0.1637     0.95967],-12.75329861174281,-19.390854867104487,1.6827301550286355,0.2393255136854624,0.2201712360008439,28.9,4.967448631453758,1718.8403569044144,1.356649861866196,5.137160743316583
frame_228,0,255,4,1,False,False,[],[    0.27483    -0.14349     0.95073],7.750103031774694,-13.945010994734014,1.8471119777387488,0.2814226598939409,0.2904261478127493,28.9,0.7577340106059038,262.19169917159303,1.3719601516321902,4.845295159770076
frame_229,0,255,4,1,False,False,[],[    0.76758    -0.17918     0.61539],6.172657888361102,-7.902768532278323,0.7096164852637815,0.2903461348232315,0.2764468659277908,28.9,0.1346134823231537,46.57905962738884,1.3757647982090064,4.781341956535201
frame_230,0,255,4,1,False,False,[],[    0.21258    -0.14578     0.96621],6.700297514805667,-6.206915110602806,1.9295272674581505,0.2894659616266877,0.2873776072059847,28.9,0.0465961626687716,16.123239677775658,1.36983326244669,4.7919665642477804
frame_231,0,255,4,1,False,False,[],[     0.3339    -0.13756     0.93252],6.000017748007621,-6.007814288790176,1.9993225546724052,0.2882630457733974,0.2823710345434367,28.9,0.0736954226602581,25.500146249224287,1.3704727374915535,4.974452412304837
frame_232,0,255,4,1,False,False,[],[    0.27008    -0.13659      0.9531],5.795227393672144,-4.479014194334834,1.807413258883151,0.2858429942911617,0.2814036202211827,28.9,0.3157005708838256,109.23895186291546,1.371162199966207,4.992171475903037
frame_233,0,255,4,1,False,False,[],[     0.3525    -0.12635     0.92724],7.711962089598857,-2.1106786241163333,1.9511341973811849,0.289218653903919,0.2816851610341081,28.9,0.0218653903919008,7.565879028339388,1.3751521771227782,4.966666666666667
frame_234,0,255,4,1,False,False,[],[    0.18557    -0.12177     0.97506],7.090364243537664,-4.08961403819911,1.6365170427486726,0.2884237119564554,0.2797594311771983,28.9,0.0576288043544592,19.94076275240805,1.369415668142346,4.768662212342424
frame_235,0,255,4,1,False,False,[],[    0.20514    -0.10145     0.97346],7.679303717464455,-6.882789937349921,1.8483982032424648,0.289796183007491,0.2822650919751867,28.9,0.0796183007491069,27.549585034293056,1.3696495969964615,4.733308017574984
frame_236,0,255,4,1,False,False,[],[    0.26181    -0.13173     0.95609],6.901977568221135,-8.43165418734334,1.7940690138137303,0.2854600023776081,0.2777288124353956,28.9,0.3539997622391821,122.49126721078969,1.364677332090528,4.756184028525408
frame_237,0,255,4,1,False,False,[],[    0.32342    -0.17289     0.93033],7.3471301233378945,-17.80895471140538,1.8602083941743397,0.2888578423200169,0.2861639749912692,28.9,0.0142157679983101,4.918950864467179,1.353586087919708,4.905890281517959
frame_238,0,255,4,1,False,False,[],[    0.23294    -0.15286      0.9604],10.552118097547805,-14.248224457038036,1.9628803899175349,0.2902143955836097,0.2915986807522785,28.9,0.1214395583609695,42.02060842940122,1.3595594465521956,4.734265094471411
frame_239,0,255,4,1,False,False,[],[    0.18614    -0.12261     0.97484],11.42096397324054,-5.442838084161215,1.8886863304981856,0.2878033140498662,0.2860346762555649,28.9,0.119668595013378,41.40781834372942,1.358885131990318,4.595568791222247
frame_240,0,255,4,1,False,False,[],[    0.32487    -0.15789     0.93249],12.956840315411668,-8.790977819548733,1.6592251337513344,0.2928861512973866,0.2822432669588095,28.9,0.3886151297386675,134.4689030237604,1.3558998096249646,4.596874772747068
frame_241,0,255,4,1,False,False,[],[    0.40594    -0.16058     0.89968],10.212852227968453,-10.063640697915506,1.6765826384148397,0.2899395201426262,0.2837343199912212,28.9,0.0939520142626215,32.5093474957168,1.3623273276856966,4.6643302348981335
frame_242,0,255,4,1,False,False,[],[    0.14552    -0.11713      0.9824],11.3092344531538,-2.907892069135024,1.8784604190087464,0.2874047364032174,0.2803693017221609,28.9,0.1595263596782581,55.199432414622194,1.3591350804305655,4.741935483870968
frame_243,0,255,4,1,False,False,[],[    0.27832    -0.13412     0.95108],9.717054942587652,-1.5925957183183344,1.8681404060770024,0.2849943643833543,0.282148350940627,28.9,0.4005635616645631,138.60330853445092,1.357422572628817,4.806451612903226
frame_244,0,255,4,1,False,False,[],[    0.13631    -0.13753     0.98107],14.84430518108312,-5.096496552846275,1.8573847000135253,0.4245233829968357,0.2820453561473031,28.9,13.55233829968357,4689.390415115422,1.3587445608612632,4.8494318211920096
frame_245,0,255,4,1,False,False,[],[    0.21832    -0.13531     0.96645],16.327536174946975,-4.625531193056711,1.9471368121475388,0.2967400453333984,0.3330014764068119,28.9,0.7740045333398393,267.8216378338544,1.3685945711481668,4.683863450497934
frame_246,0,255,4,1,False,False,[],[    0.12434    -0.14378     0.98177],11.396463325725112,-7.797942800596453,1.9241443023115548,0.2961717893470527,0.2867147705930625,28.9,0.7171789347052704,248.15880093607973,1.3601470342476334,4.863309129033511
frame_247,0,255,4,1,False,False,[],[    0.29147     -0.1573     0.94356],12.341097676711192,-12.91631217800029,1.916496175007808,0.2902059262629519,0.2902502131171254,28.9,0.1205926262951961,41.72755235127896,1.3559292461292345,4.729559585314748
frame_248,0,255,4,1,False,False,[],[    0.10527     -0.1351     0.98522],12.530477827224558,-13.857159680745363,1.894419661548736,0.2875286612926909,0.2904844739281833,28.9,0.1471338707309033,50.91137395532988,1.3549874422381725,4.663759402938955
frame_249,0,255,4,1,False,False,[],[    0.15809    -0.13725     0.97784],33.65856612341306,-8.223391424680958,1.8315419333726195,0.4359309632487719,0.5670943322350346,28.9,14.693096324877192,5084.116375390033,1.369679906498302,4.578089219635115
frame_250,0,255,4,1,False,False,[],[     0.1164    -0.12909     0.98478],14.232426672959472,-9.444161389847704,1.8926949838545644,0.2906484821688749,0.2828637575953718,28.9,0.1648482168874976,57.040905497404026,1.355668482148213,4.50287059771508
frame_251,0,255,4,1,False,False,[],[     0.1532    -0.14369     0.97769],14.458166829607318,-8.051913448892243,1.9417016649631256,0.2846036007565055,0.2801685990859127,28.9,0.4396399243494442,152.12454129738555,1.3547717828448234,4.577287620193878
frame_252,0,255,4,1,False,False,[],[    0.29246    -0.13758     0.94633],16.48204408810192,-5.094813182542351,1.8385625582569949,0.2842751105923548,0.2793053152428645,28.9,0.4724889407645205,163.49098296350192,1.3513291919445931,4.429052514079192
frame_253,0,255,4,1,False,False,[],[    0.11492    -0.14246     0.98311],15.750351730636757,-7.20158626971004,1.8985162789833352,0.2837456490692013,0.2877083261285869,28.9,0.5254350930798624,181.811450892686,1.337854704992742,4.471597443254075
frame_254,0,255,4,1,False,False,[],[    0.25918    -0.15962     0.95255],17.955008108412727,-9.103309711638296,1.8407094002039963,0.2877550739812892,0.2864196696230117,28.9,0.124492601871079,43.07702486888548,1.3348739839883652,4.44149328639401
frame_255,0,255,4,1,False,False,[],[    0.10108    -0.14057      0.9849],19.77888734248509,-9.816020770317936,1.8630618001711372,0.2897217736453141,0.2823249049041989,28.9,0.0721773645314172,24.974866619867548,1.3291211710744124,4.522948164179521
frame_256,0,255,4,1,False,False,[],[    0.18013     -0.1482     0.97242],22.58027131191972,-7.47745285686944,1.981028520347208,0.2992924155757037,0.2858738891081752,28.9,1.0292415575703762,356.1389472561856,1.3266683106816826,4.637882739634352
frame_257,0,255,4,1,False,False,[],[    0.31357    -0.12217     0.94167],20.576888779713205,-7.898307768109454,1.8562366064688425,0.289329585677592,0.2892802069544672,28.9,0.0329585677592059,11.404348705607584,1.3145833730966625,4.572944653886816
frame_258,0,255,4,1,False,False,[],[    0.19423    -0.15497     0.96864],19.693259625868407,-13.247502779058207,1.9886026326578967,0.29392533984908,0.2848431192590865,28.9,0.4925339849080001,170.4269843972319,1.3023481756561284,4.532386723525672
frame_259,0,255,4,1,False,False,[],[    0.13751    -0.13576     0.98115],33.481983515224734,-6.130023218251934,1.9801100193421295,0.4764865751438571,0.4333641801024021,28.9,18.74865751438572,6487.424745462186,1.3060717249906482,4.478500169039484
frame_260,0,255,4,1,False,False,[],[    0.16778    -0.14759     0.97471],27.856870771970183,-3.3450028492880746,1.9648681086914817,0.3883110084255013,0.3244974539036722,28.9,9.93110084255014,3436.367073546761,1.300776195329999,4.9
frame_261,0,255,4,1,False,False,[],[     0.2114    -0.12067     0.96992],21.171604650176903,-7.967491225703074,2.005446944355195,0.290772182394275,0.2914212029870021,28.9,0.1772182394275068,61.32119011332416,1.2895341772559687,4.485781833838114
frame_262,0,255,4,1,False,False,[],[    0.18858    -0.11442     0.97537],22.57485385106999,-5.645279447757543,2.01332445317528,0.2901650204095645,0.2920204615529799,28.9,0.116502040956451,40.31212489842596,1.2832373452909065,4.4833121622971985
frame_263,0,255,4,1,False,False,[],[    0.11281    -0.14692     0.98269],21.75725269466012,-8.018978462316838,1.963414688212099,0.2869988918712922,0.2861365733553982,28.9,0.200110812870774,69.24249580303601,1.2787798676968334,4.677448715425785
frame_264,0,255,4,1,False,False,[],[     0.1541    -0.14665     0.97711],29.071527142520896,-12.83596858136056,1.9695323249160368,0.3777237160474724,0.2932445644088564,28.9,8.872371604747247,3070.024776729152,1.282083714062907,4.610909394807387
frame_265,0,255,4,1,False,False,[],[    0.19837    -0.10524     0.97446],21.027448450699637,-8.117475270668693,1.9407732799793156,0.2863628497475661,0.2833987419974751,28.9,0.2637150252433884,91.2508737866396,1.2713668186346092,4.578996485374605
frame_266,0,255,4,1,False,False,[],[   0.041413    -0.14299     0.98886],81.31953503111528,-77.29310596398415,1.8991473701553567,1.897847013378053,1.9604384756779647,28.9,160.8847013378053,55669.44682969042,1.3726285872408914,4.544933166482425
frame_267,0,255,4,1,False,False,[],[   0.082089    -0.14418     0.98614],22.85097464015715,-13.717163417423508,1.9768267551358412,0.2838532158237878,0.2764399754361137,28.9,0.5146784176212116,178.08941786201095,1.2698209997244894,4.632183530645623
frame_268,0,255,4,1,False,False,[],[   0.074425    -0.13587     0.98793],64.71281122174561,-16.076515546990485,1.9572429114420808,1.163220495275602,0.8425103555996609,28.9,87.4220495275602,30249.844127183464,1.2866910506802525,4.654268264704644
frame_269,0,255,4,1,False,False,[],[   0.030286    -0.13713     0.99009],21.47701200369448,-8.811335268622734,2.000908984921968,0.3384560543811909,0.2777296394900692,28.9,4.9456054381190935,1711.2821585187178,1.2622539750341075,4.659142540366547
frame_270,0,255,4,1,False,False,[],[   0.042244    -0.14896     0.98794],18.91834538572273,-7.607506240681787,1.9255665743009416,0.2878588503259656,0.2812485888403285,28.9,0.1141149674034391,39.486147890463386,1.2569554692684686,4.677809127986271
frame_271,0,255,4,1,False,False,[],[   0.018767    -0.14166     0.98974],19.961856392031528,-8.282343279680546,1.7869083450828984,0.2824397885022239,0.2754601135742411,28.9,0.6560211497776025,226.99693763930884,1.2584354704966854,4.727489035341018
frame_272,0,255,4,1,False,False,[],[   0.041793    -0.14468      0.9886],19.374106395164613,-11.20372294898984,1.8909295920646216,0.2826376017595481,0.2761200873464445,28.9,0.6362398240451872,220.15218825092987,1.257922699885072,4.736842167529972
frame_273,0,255,4,1,False,False,[],[   0.045834    -0.14334     0.98861],21.073529217668952,-12.766662660314717,1.8212757270047235,0.2814171583275169,0.2752412826161394,28.9,0.7582841672483076,262.38206479180195,1.2562790823637913,4.728204907302813
frame_274,0,255,4,1,False,False,[],[   0.016393    -0.13832     0.99025],20.35853778158005,-10.868838971508907,1.8326827384366275,0.2917049628943421,0.2805058852675468,28.9,0.2704962894342133,93.59733198415688,1.257696787252622,4.629882751663918
frame_275,0,255,4,1,False,False,[],[ 0.00083959     -0.1316      0.9913],69.95072315465433,-23.645805826323866,1.5000745752029527,1.3082750822525506,0.2872144338926508,28.9,101.92750822525508,35269.033987977535,1.264682721097655,4.63403673649685
frame_276,0,255,4,1,False,False,[],[   0.033243    -0.14931     0.98823],19.912520189849516,-7.470708663373708,1.738041601389956,0.2842169854816874,0.2744061666419262,28.9,0.4783014518312534,165.50223246756173,1.2556523479345576,4.587413427357819
frame_277,0,255,4,1,False,False,[],[   0.029847    -0.14721     0.98866],37.83106341815957,-9.342989353702537,1.8674334887321336,0.7522806378592808,0.29288438485089,28.9,46.32806378592808,16030.47189824501,1.2615538018370926,4.773109707679498
frame_278,0,255,4,1,False,False,[],[   0.083714    -0.13958     0.98667],54.95354534419722,-14.673466518911656,1.9264462747004605,1.0465283136454755,0.398305333904893,28.9,75.75283136454756,26212.052375275976,1.2645292884005297,4.525167532543939
frame_279,0,255,4,1,False,False,[],[   0.071343     -0.1334     0.98849],82.32617135259412,-58.86679616529483,1.849292550684336,1.1842067601230142,1.2628715376586197,28.9,89.52067601230142,30976.01246100396,1.2791405816197126,4.732558178346045
frame_280,0,255,4,1,False,False,[],[   0.014659     -0.1354     0.99068],19.756091994372905,-7.909241454477934,1.9014638851702224,0.2910666743449873,0.2802265078521154,28.9,0.2066674344987362,71.51122300994335,1.2574215300853322,4.782012899995844
frame_281,0,255,4,1,False,False,[],[   -0.03875     -0.1289      0.9909],18.679140731493646,-11.287199126836686,1.902813040549006,0.2807414333771416,0.2772716535299793,28.9,0.8258566622858343,285.76355096395656,1.2538111374729364,4.8034934724138605
frame_282,0,255,4,1,False,False,[],[   0.032243    -0.13513      0.9903],17.955250522146603,-14.087855676284644,1.9372387814438323,0.2755256802606562,0.2701418358322129,28.9,1.3474319739343763,466.2394373475352,1.248068024634967,4.795586724446645
frame_283,0,255,4,1,False,False,[],[  -0.022765    -0.13071     0.99116],19.77242556320189,-11.389000715438469,1.5912400046426036,0.3050077775571215,0.285127455960102,28.9,1.6007777557121516,553.9023376166615,1.2571050630195308,4.8148142839368395
frame_284,0,255,4,1,False,False,[],[   0.034933    -0.16257     0.98608],17.07350726301145,-8.4280777821327,1.4222152820911134,0.2819674276530836,0.2796830332303299,28.9,0.7032572346916399,243.34160369952943,1.2559613618229957,4.838783350266592
frame_285,0,255,4,1,False,False,[],[   0.013786    -0.15484     0.98784],20.562964558657185,-6.680581598076511,2.0229330647452213,0.3191978980052802,0.2946838430053968,28.9,3.019789800528022,1044.9099655806306,1.2563367268590426,4.8070300203363265
frame_287,0,255,4,1,False,False,[],[    0.12887    -0.14889     0.98042],16.220858627443665,-7.422165772128786,2.0120671869161546,0.2760031163323541,0.2745824221304087,28.9,1.2996883667645842,449.71915805002914,1.2503597032860003,4.978303690912195
frame_288,0,255,4,1,False,False,[],[    0.12462    -0.14604      0.9814],16.328118196668672,-7.665169889918954,1.992063844580874,0.2860121810023522,0.2813236388233323,28.9,0.2987818997647717,103.38474040303522,1.2585872805916465,4.941087873567341
frame_289,0,255,4,1,False,False,[],[    0.12616    -0.14775     0.98094],17.12997284080091,-9.99488001877474,1.9036581173779443,0.3007350726536577,0.2847419971126964,28.9,1.1735072653657697,406.0578772891937,1.2578651089184354,4.830412303756953
frame_290,0,255,4,1,False,False,[],[   0.081546     -0.1483     0.98557],65.9360179062679,-28.31891444118507,1.9936049203258688,0.6291458730548523,0.9329865153923752,28.9,34.01458730548523,11769.753392901464,1.2701035697995342,4.990006466517143
frame_291,0,255,4,1,False,False,[],[   0.080122    -0.13564     0.98751],18.952692324535203,-13.437116350215057,1.7273404883205403,0.3437267425754371,0.2745732312778045,28.9,5.472674257543719,1893.6589126448855,1.2577652469331049,4.993750263275258
frame_292,0,255,4,1,False,False,[],[ -0.0071411    -0.11966     0.99279],16.973689870253764,-12.629580710742085,1.9453184344200825,0.2857054826770521,0.280367003188682,28.9,0.3294517322947887,113.99713920234906,1.2568644741329724,4.8114426225250835
frame_293,0,255,4,1,False,False,[],[  -0.024673    -0.15357     0.98783],15.702239388922449,-4.941570162091197,1.9579241570144748,0.2836180232263963,0.284515377089618,28.9,0.5381976773603692,186.22757002088895,1.2514731505720853,5.090418452370868
frame_294,0,255,4,1,False,False,[],[     0.1746    -0.11906     0.97741],15.64962968553596,-9.097992588538297,1.4849121109181165,0.2854793311077039,0.2927350549562582,28.9,0.3520668892296075,121.82245302062545,1.2493964891327236,4.94773468574352
frame_295,0,255,4,1,False,False,[],[    0.12888    -0.15325     0.97975],14.713346078852105,-11.932643032001517,1.861359465832353,0.2886319831180087,0.2798545674865476,28.9,0.0368016881991284,12.734148165788389,1.249262919576416,4.822637982987262
frame_296,0,255,4,1,False,False,[],[    0.07766    -0.16124     0.98386],15.04397288149819,-8.158374640554538,2.0284837692881026,0.2859215256684634,0.2826846622672772,28.9,0.3078474331536518,106.52160316735358,1.2453854070878885,5.067566946212661
frame_297,0,255,4,1,False,False,[],[    0.13827    -0.13956     0.98051],15.92633899348589,-10.95702049777572,1.883193394201078,0.2881586921394848,0.2919419752135015,28.9,0.0841307860515172,29.110998633742994,1.2486273540143282,4.928975050867957
frame_298,0,255,4,1,False,False,[],[     0.3198    -0.15494     0.93473],17.23004244510259,-12.697659761265175,1.474894541073832,0.2905233500883855,0.2868649438862489,28.9,0.1523350088385555,52.71107572268359,1.2508649693830096,4.884422080083767
frame_299,0,255,4,1,False,False,[],[    0.18932    -0.14189     0.97161],17.091076088445806,-10.464220372428525,1.9315822933396285,0.2888411279856751,0.2879260160709037,28.9,0.0158872014324851,5.497301533731877,1.2499080281316135,4.708955430273253
frame_300,0,255,4,1,False,False,[],[    0.16723    -0.11517     0.97917],17.641284251766663,-8.46928288570557,1.8322297308791016,0.2892606591453635,0.2895242495699694,28.9,0.0260659145363495,9.019347590432368,1.2526979101453022,4.669136270431026
frame_302,0,255,4,1,False,False,[],[    0.10471    -0.14954      0.9832],18.319421782212416,-2.467330174711295,2.017653601702351,0.2851272187871929,0.2823766450164692,28.9,0.3872781212807041,134.006270339344,1.253569133934764,4.8125
frame_303,0,255,4,1,False,False,[],[    0.10893    -0.15163     0.98242],16.179638227618003,-4.045200160688657,1.9581437000480024,0.280919249239055,0.2769431485994168,28.9,0.8080750760944999,279.61075297387544,1.2458433139086655,5.0
frame_304,0,255,4,1,False,False,[],[   0.091712    -0.15577     0.98353],79.34030741120081,-62.520306982523714,1.921327675119785,1.8078432473097243,1.9424372382484725,28.9,151.88432473097245,52555.12966469636,1.2915262136236167,4.8646290040757805
frame_305,0,255,4,1,False,False,[],[   0.094336    -0.13879     0.98582],17.717854003992255,-13.114686705062862,1.983155338609584,0.2859710571392025,0.2807256653753235,28.9,0.3028942860797468,104.80771144627916,1.2459801707700346,4.741503516112728
frame_306,0,255,4,1,False,False,[],[   0.035602    -0.12973     0.99091],17.034174942248068,-6.721609617922936,2.1678666629209338,0.2765436036654333,0.275583567361851,28.9,1.2456396334566688,431.0171742064599,1.2418969730162728,4.673709881329589
frame_307,0,255,4,1,False,False,[],[   0.092025    -0.16262     0.98239],20.78706021428388,-9.48895341853153,1.951952843067416,0.289734244460616,0.2850449135806874,28.9,0.073424446061604,25.406382720278213,1.243348745768029,4.80228181612581
frame_308,0,255,4,1,False,False,[],[     0.5624    -0.19274     0.80409],21.64737143718717,-14.832648403297098,1.1330677934182334,0.2924143170270949,0.2975979000041782,28.9,0.3414317027094937,118.14245768494594,1.2407158032223844,4.70658755727627
frame_309,0,255,4,1,False,False,[],[     0.1218     -0.1503     0.98111],22.808790217755558,-11.980925592172335,1.9581335996066256,0.2882320534222757,0.2825499518685556,28.9,0.0767946577724221,26.57254594201457,1.23952644720222,4.552084088238658
frame_310,0,255,4,1,False,False,[],[    0.24687    -0.11917     0.96169],24.76848589102579,-3.764007440303778,2.0055757270204677,0.2898417289177813,0.2958887037329087,28.9,0.0841728917781337,29.12556808931962,1.2290908091213364,4.870967741935484
frame_311,0,255,4,1,False,False,[],[   0.095904    -0.14447     0.98485],24.5088227713253,-9.475986159726764,1.798349876387798,0.2805198187061487,0.2767884062676172,28.9,0.8480181293851252,293.43187867997415,1.226402617186674,4.453093650614866
frame_312,0,255,4,1,False,False,[],[   0.028811    -0.14242     0.98939],28.67772243838118,-13.00043940811124,1.959557218146187,0.2947916541790294,0.288951300429747,28.9,0.5791654179029437,200.40325878994597,1.2330412365289405,4.476227060319886
frame_313,0,255,4,1,False,False,[],[    0.11178    -0.16074     0.98065],27.760603221371824,-13.48813854677283,2.056888905715948,0.2865287049900604,0.2834228787755734,28.9,0.2471295009939533,85.51193806019148,1.2208712438599472,4.266296538874992
frame_314,0,255,4,1,False,False,[],[    0.28495    -0.14328     0.94777],28.11881131763234,-11.645737878715911,1.705288034120005,0.294326484122821,0.2841478749231372,28.9,0.5326484122821051,184.30740909415405,1.2199771286218806,4.370861393772804
frame_315,0,255,4,1,False,False,[],[   0.080761    -0.16287     0.98334],29.260739210223885,-7.371613260122559,1.5403649532937211,0.3191093983926339,0.2910472961200963,28.9,3.010939839263399,1041.847695246851,1.216872675931833,4.377668187370405
frame_316,0,255,4,1,False,False,[],[    0.10062    -0.13024     0.98636],27.35256585691867,-7.880884814458709,1.972626659027581,0.2945162552923704,0.2919555153577124,28.9,0.5516255292370487,190.8738855491518,1.2138700558470774,4.378973254241213
frame_317,0,255,4,1,False,False,[],[   0.092623    -0.14043     0.98575],27.511569888578663,-9.866541493833854,1.855842238926347,0.2853413975018143,0.2822614469948151,28.9,0.365860249818567,126.59524215175333,1.2200431365668976,4.442774909822477
frame_318,0,255,4,1,False,False,[],[    0.11507    -0.13026     0.98478],26.190594417173735,-5.993332297025695,2.039184452332281,0.2915302798783491,0.2900656559978979,28.9,0.253027987834914,87.55293696709828,1.2166563013963994,4.735252356214052
frame_319,0,255,4,1,False,False,[],[    0.16715    -0.13623     0.97647],23.51503686837096,-7.549723776787065,2.026478940052612,0.2852107958649723,0.2756192208242184,28.9,0.3789204135027701,131.1143299317544,1.2114229988100005,4.429593663734282
frame_320,0,255,4,1,False,False,[],[    0.18286    -0.13204     0.97423],25.069352274745658,-6.096177500902558,1.690063991824357,0.2891928431669588,0.2886278240963581,28.9,0.0192843166958833,6.67277394321224,1.215088810098057,4.589358981611651
frame_321,0,255,4,1,False,False,[],[    0.21143    -0.13065     0.96862],24.57572262108487,-6.865485171199055,1.9838125725153144,0.2875970131727971,0.283886506637411,28.9,0.1402986827202856,48.54625699663864,1.2175014637679258,4.543132373459513
frame_322,0,255,4,1,False,False,[],[    0.54454    -0.24482     0.80221],23.97908609736494,-20.939267893964438,1.1380148320771264,0.287003023005277,0.2860672650243552,28.9,0.1996976994722954,69.09954999041365,1.2180111552119113,4.553397920667459
frame_323,0,255,4,1,False,False,[],[    0.26805    -0.17328     0.94769],25.93077748660516,-21.01895148915386,1.9356677870552612,0.2839144552705124,0.2890771264792131,28.9,0.5085544729487579,175.9704058646221,1.228224511541293,4.613860838620658
frame_324,0,255,4,1,False,False,[],[    0.16729    -0.13454     0.97668],23.58277066344465,-24.50649940603168,1.839317192751228,0.2828667991590832,0.2884162877484548,28.9,0.6133200840916786,212.2214823846639,1.2413973492124806,4.614869682184674
frame_325,0,255,4,1,False,False,[],[    0.26767    -0.19039     0.94451],18.83016861773081,-29.387240609367343,1.6844279165801546,0.2800204003218938,0.2713533694456835,28.9,0.8979599678106187,310.7127916299719,1.262551796734333,4.657927429868857
frame_326,0,255,4,1,False,False,[],[    0.10048    -0.10852       0.989],16.25372442424119,-24.737451776742336,1.926734144002272,0.2811056839337121,0.2766157808142777,28.9,0.7894316066287821,273.15972547708725,1.282624474701355,4.797597768774547
frame_327,0,255,4,1,False,False,[],[    0.14239    -0.13629     0.98038],12.633326326218462,-15.974863119158266,1.862185338339348,0.2718067780920482,0.2685164486135229,28.9,1.7193221907951806,594.9211732855297,1.3031329124275686,5.0271029755360965
frame_328,0,255,4,1,False,False,[],[    0.17071    -0.10672     0.97952],5.674237986029361,-14.767311307219687,1.839168934959767,0.2821996053005604,0.293262339780442,28.9,0.6800394699439605,235.3077750671144,1.3206749602796275,5.1745768097577285
frame_329,0,255,4,1,False,False,[],[   0.094162   -0.099945     0.99053],2.8566098883904383,-12.29403603418558,1.9048606282683036,0.2846546271324074,0.27925485745774,28.9,0.4345372867592567,150.3589227540681,1.3359691038892607,5.259931010762541
frame_330,0,255,4,1,False,False,[],[    0.14236    -0.10174     0.98457],-1.3495811373731168,-15.779738073607955,1.6506495342165963,0.2846394187574661,0.282566249411765,28.9,0.4360581242533856,150.88516410151755,1.3445485301667064,5.273604315888925
frame_331,0,255,4,1,False,False,[],[    0.17879    -0.13164     0.97504],1.269111837209957,-11.856163153955134,1.869636603372009,0.2888149430496822,0.2884442415449729,28.9,0.0185056950317785,6.403354682276322,1.3632577022049384,5.187032015739398
frame_332,0,255,4,1,False,False,[],[    0.13686    -0.11462     0.98394],2.7451254222341763,-2.1994177769521106,1.823483757124753,0.2891934094893295,0.2901338344726961,28.9,0.0193409489329554,6.692369872994969,1.3780439574505643,5.123287545115414
frame_333,0,255,4,1,False,False,[],[    0.21041    -0.14764      0.9664],4.0340452133654665,-2.8105300481480717,1.9155946024278865,0.2905869656418725,0.2879131145508977,28.9,0.158696564187255,54.91230594714709,1.389385820831112,5.1228006957498815
frame_334,0,255,4,1,False,False,[],[    0.22013     -0.1382     0.96563],80.65814180556319,-31.06614847010591,1.8882607454756304,1.1310010608669392,1.0249981915324644,28.9,84.20010608669392,29134.984805084405,1.4337482855694503,5.062747916628767
frame_335,0,255,4,1,False,False,[],[     0.2183    -0.13594     0.96637],8.982498602579481,-6.696265759405177,1.7663494462481213,0.2888192333808162,0.2847651949275588,28.9,0.0180766619183758,6.254900317777118,1.4127776459108257,4.896104037036788
frame_336,0,255,4,1,False,False,[],[    0.25023    -0.14998      0.9565],10.522644672345004,-12.505641862761529,1.8558298208324624,0.2929902750747397,0.287541979220479,28.9,0.3990275074739702,138.07180189410735,1.419424208107081,4.684211409453127
frame_337,0,255,4,1,False,False,[],[    0.22488    -0.16509      0.9603],5.766206060974232,-19.331907440190488,1.8272873409085408,0.2895226951498439,0.3141498699651312,28.9,0.0522695149843988,18.08633736484388,1.4126910533115362,5.249999756760494
frame_338,0,255,4,1,False,False,[],[    0.21299     -0.1674     0.96261],-9.26077802636661,-21.063532803235283,1.859841494742179,0.2592094443752515,0.2833927470844964,28.9,2.979055562474847,1030.8150735207084,1.4162260815171832,5.5577417283946655
frame_339,0,255,4,1,False,False,[],[    0.94395     -0.3297      0.0159],-7.86645946256151,-17.480413313672894,0.2875311158420112,0.2791156427902995,0.3005871404361926,28.9,0.988435720970049,342.0192806124737,1.421841406611539,5.115295949477468
frame_340,0,255,4,1,False,False,[],[    0.11569    -0.13728     0.98375],-0.0289273119039055,-2.321999648229547,1.771580325307175,0.277203394022256,0.2650350859614584,28.9,1.1796605977743957,408.18705805342415,1.4496724106566692,5.064896558511027
frame_341,0,255,4,1,False,False,[],[     0.2528    -0.12997     0.95875],-0.5583118456955274,6.015347917214594,1.7145740110305747,0.2811091699231591,0.2724936258653882,28.9,0.7890830076840827,273.0391030048729,1.451637258803835,5.020895195701322
frame_342,0,255,4,1,False,False,[],[    0.17036    -0.13472     0.97613],3.4403748917160355,6.609455142989417,1.5424631539259874,0.2860773833450978,0.2969363002378184,28.9,0.2922616654902177,101.12860397585388,1.4635443927484977,5.024978500847726
frame_343,0,255,4,1,False,False,[],[    0.36492    -0.10887     0.92465],4.542271098222716,1.6057797063842765,1.634137321617496,0.288444255569483,0.2810384555769198,28.9,0.055574443051698,19.229911090552942,1.457578601314199,5.576923076923077
frame_344,0,255,4,1,False,False,[],[      0.199    -0.10268     0.97461],1.470019842063525,0.1087082043739882,1.4881295436062223,0.2873423801877007,0.2891090899252337,28.9,0.1657619812299227,57.35708693076911,1.451087862173534,5.8
frame_345,0,255,4,1,False,False,[],[    0.37847    -0.16445     0.91089],2.81225257150109,-12.961052942249744,1.613643225191898,0.2832736291539079,0.2932083845954676,28.9,0.572637084609201,198.1443199339796,1.440479469308785,5.154078269573497
frame_346,0,255,4,1,False,False,[],[   0.080511    -0.13739     0.98724],8.285815683071002,-28.387060432213325,1.7772173946387797,0.2856686698984473,0.2963980763562989,28.9,0.3331330101552676,115.2709377699888,1.4366271977502156,5.096891299243645
frame_347,0,255,4,1,False,False,[],[   0.066778    -0.14509     0.98716],-1.2908407068930028,-22.896952279617757,1.7911689238538488,0.2358956975009668,0.2146686223470999,28.9,5.310430249903312,1837.5191176136027,1.4248571531048844,5.275179743291862
frame_348,0,255,4,1,False,False,[],[   0.096729    -0.15088     0.98381],-5.870966637137454,-19.57241707965411,1.765493999977713,0.2123751117927457,0.200411251659822,28.9,7.662488820725424,2651.380214783884,1.4174791571566343,5.483705660922796
frame_349,0,255,4,1,False,False,[],[    0.13807     -0.1475     0.97938],0.5458587966467153,-23.32243453895157,1.8240598191925796,0.2160315964148542,0.2030865816541867,28.9,7.296840358514578,2524.8582555413764,1.4250905545997994,5.426966399691323
frame_350,0,255,4,1,False,False,[],[    0.11129    -0.16447     0.98008],9.209317615785608,-31.37443084820145,1.7052876958836876,0.2530068418965481,0.2481833001691459,28.9,3.599315810345188,1245.4379966592346,1.435060211614838,5.261438280501458
frame_351,0,255,4,1,False,False,[],[    0.64916    -0.53364     0.54205],11.025707610105677,-38.601133741238925,0.68726327992405,0.28568712385531,0.2804608371153798,28.9,0.3312876144690002,114.63239254982707,1.4568538389161,4.989276951280633
frame_352,0,255,4,1,False,False,[],[     0.3976    -0.35926     0.84431],13.305354923291931,-40.5773310336127,1.2979154857482391,0.2898055052523985,0.2884580288915952,28.9,0.080550525239853,27.87215406223289,1.4659277478458046,4.892744768839406
frame_353,0,255,4,1,False,False,[],[    0.16531    -0.17003     0.97148],11.009144363029383,-40.00515257114901,1.6959120463619288,0.2851187392435992,0.286699975121498,28.9,0.3881260756400773,134.2996801522759,1.4798294738702336,5.066224734454697
frame_354,0,255,4,1,False,False,[],[    0.48788    -0.34346      0.8025],5.2312646580385325,-33.75097985177504,1.3346552945551042,0.2830221456846287,0.2805627969678442,28.9,0.5977854315371234,206.84617008204964,1.4858037232307424,4.819042526614987
frame_355,0,255,4,1,False,False,[],[    0.53767    -0.30164     0.78735],-4.292996208709245,-25.498981640034938,1.4100165144953831,0.2214779963853853,0.234251080792716,28.9,6.752200361461464,2336.401509156216,1.4946686550285313,5.206896736826509
frame_356,0,255,4,1,False,False,[],[    0.29176    -0.16217     0.94264],-0.7017404646598674,-20.115175618043505,1.6461726281267015,0.2857387956162166,0.3006248954103913,28.9,0.3261204383783356,112.84444234544486,1.5061207412361102,5.1629708985694736
frame_357,0,255,4,1,False,False,[],[    0.40918    -0.16844     0.89677],1.952696471052625,-15.131665179573536,1.806975203187235,0.3241989428278918,0.3264801416413099,28.9,3.5198942827891875,1217.956499235013,1.5129717199219814,5.147901483250572
frame_358,0,255,4,1,False,False,[],[    0.44703    -0.16981     0.87825],-0.1381158717499805,-9.068278844787546,1.2626608242144668,0.2874835748239224,0.2839228862992032,28.9,0.1516425176077529,52.47145937984531,1.5420917003844217,4.966357945994277
frame_359,0,255,4,1,False,False,[],[    0.62347    -0.13321     0.77042],-3.0907888267753147,-3.511880906885197,1.263354578153849,0.2839973536001499,0.2800936708097493,28.9,0.5002646399850097,173.1019515519065,1.5503202754579992,5.0259199611091345
frame_360,0,255,4,1,False,False,[],[    0.46655    -0.13944     0.87343],1.261018918629893,-4.721959009639928,1.0946868979170563,0.2901001798358282,0.2951198698060561,28.9,0.1100179835828274,38.068506430044096,1.5512262747713026,5.140826916852052
frame_361,0,255,4,1,False,False,[],[    0.46494    -0.14158     0.87395],2.995766503647725,-5.893006209646425,1.5507340258517492,0.2967465862074691,0.2909622724110388,28.9,0.7746586207469153,268.04796565637207,1.5537081924002487,5.014798751654047
frame_362,0,255,4,1,False,False,[],[    0.69556    -0.18055     0.69541],1.7174174636345756,-9.621220467044427,1.2164443759982064,0.2864691140105324,0.2874411084343399,28.9,0.2530885989467601,87.57390967015924,1.550823571694961,4.874762725124828
frame_363,0,255,4,1,False,False,[],[    0.37874     -0.1364      0.9154],4.564562237561877,-6.865392715169356,1.677879820867469,0.290792668876582,0.2853549440196542,28.9,0.1792668876582082,62.030064933636055,1.557070108399469,4.8174832276169175
frame_364,0,255,4,1,False,False,[],[    0.32759    -0.12597     0.93638],10.715879816075256,0.3665881451159363,1.5931555035337528,0.3358706187469784,0.3019877810149103,28.9,4.687061874697846,1621.820717888528,1.5692728774242726,5.2
frame_365,0,255,4,1,False,False,[],[    0.40919   -0.070383     0.90973],10.28063912894795,12.12921421821108,1.3191392194191207,0.2852208953749593,0.3055360458330338,28.9,0.3779104625040608,130.76486591836013,1.6022071545266734,5.0495869137483576
frame_366,0,255,4,1,False,False,[],[    0.29849   -0.063489      0.9523],16.08926103632687,19.917787348857964,1.7258027431160907,0.281175847655549,0.3017366253919168,28.9,0.7824152344450941,270.73191503290457,1.6030048033583306,5.14629625314568
frame_367,0,255,4,1,False,False,[],[    0.70411     0.20533     0.67976],23.06151941683652,23.697314554486304,0.9632568666875484,0.27947446730484,0.2560109482230826,28.9,0.9525532695159932,329.6032074449804,1.589909066565719,5.1162351893977
frame_368,0,255,4,1,False,False,[],[      0.679     0.18536     0.71035],10.9575093172826,23.53615462323962,0.8424581251881866,0.2844081326056673,0.3098514883024628,28.9,0.4591867394332649,158.88814513261764,1.586854752583974,4.910232714102186
frame_369,0,255,4,1,False,False,[],[    0.54988    0.096447     0.82966],7.7009585817964386,21.02091617259231,1.385232368932926,0.2906840801731343,0.319579214081143,28.9,0.1684080173134317,58.272670350668406,1.593974402230983,5.128883289946357
frame_370,0,255,4,1,False,False,[],[    0.33854   -0.011206     0.94089],8.483076446838158,18.02836907896637,1.5384351010542514,0.2935505298676829,0.3120797047555299,28.9,0.4550529867682951,157.45778088868343,1.596302029947221,5.337349338929464
frame_371,0,255,4,1,False,False,[],[    0.38322   -0.025194     0.92331],6.262564956285157,13.968574668888031,1.4133215130296648,0.2944401320934376,0.3124274374683919,28.9,0.5440132093437688,188.23986482483352,1.5901748433579774,5.178388361977154
frame_372,0,255,4,1,False,False,[],[   0.022126    -0.11048     0.99363],5.008158110629934,-1.361762039485338,1.6834669207205804,0.2891935966634237,0.2890543950365654,28.9,0.0193596663423722,6.698846485249929,1.5378498687987336,5.708333333333333
frame_373,0,255,4,1,False,False,[],[  -0.074774   -0.080606     0.99394],1.4908845069033847,-21.49525603945174,1.616935085826386,0.295802825041904,0.2989959393905194,28.9,0.6802825041904048,235.3918699620778,1.5195234458224207,5.193195831010659
frame_374,0,255,4,1,False,False,[],[    0.04282    -0.18862     0.98112],6.642602466492111,-40.515036210110914,1.3388998394874123,0.2868489824560001,0.2753002712091261,28.9,0.2151017543999822,74.42967280276203,1.5282387084203308,5.2990656080816345
frame_375,0,255,4,1,False,False,[],[    0.14591     -0.3119     0.93884],4.963037056347582,-43.12949683207275,1.656188255100016,0.2885412711515218,0.2931553234205801,28.9,0.0458728848478195,15.872970535577716,1.533409722841103,5.2819957151146335
frame_376,0,255,4,1,False,False,[],[   0.062361     -0.2241     0.97257],1.771572317339115,-38.48190842821052,1.5723877051111297,0.2829419806141393,0.2767285195447758,28.9,0.6058019385860647,209.62004795365564,1.5340157193796975,5.32956611857392
frame_377,0,255,4,1,False,False,[],[   -0.46564     0.18596     0.86522],-3.354178896994371,-35.183588356614166,1.0457834201471476,0.279402196766354,0.2731373609120408,28.9,0.9597803233645952,332.1039181192371,1.5350033403523973,5.40579696304437
frame_378,0,255,4,1,False,False,[],[    0.81104    -0.57383      0.1137],-1.5120230238691117,-34.707194882787,0.39462239627784,0.2830705683454659,0.2788347561765695,28.9,0.5929431654534079,205.17064548560828,1.5403778822362275,5.511736617612214
frame_379,0,255,4,1,False,False,[],[    0.78832    -0.61388   -0.041122],-2.2854754578196346,-37.96619489136379,0.284304564714,0.2843295021243354,0.2822355185005214,28.9,0.4670497875664592,161.6089230333769,1.5479766924025158,5.649652176359023
frame_380,0,255,4,1,False,False,[],[    0.73384    -0.59685    -0.32442],-9.248573573344386,-39.90098812038181,0.4718203295513464,0.2842748873867157,0.2830269954189414,28.9,0.4725112613284288,163.4987063420169,1.565550610625425,5.827309017192231
frame_381,0,255,4,1,False,False,[],[    0.68886    -0.58661    -0.42586],-12.545731697419605,-41.05483347200919,0.5526826013982327,0.2785395334751972,0.2746895690732625,28.9,1.0460466524802758,361.9538589897148,1.5695446871563874,5.46598705725615
frame_382,0,255,4,1,False,False,[],[      0.126    -0.10002     0.98698],-15.541008275103792,-42.5466647422048,1.4930889481261282,0.277765333512059,0.2848193079046007,28.9,1.1234666487940914,388.7427850498586,1.5846549997342587,5.256509487296
frame_383,0,255,4,1,False,False,[],[    0.69369    -0.64382    -0.32294],-14.808370446973422,-43.16918875277906,0.326469916813082,0.2784091693749236,0.293472130521348,28.9,1.059083062507632,366.46472751129136,1.5908990670848198,5.695186650391149
frame_384,0,255,4,1,False,False,[],[    0.14205    -0.15915     0.97698],-4.374543917282923,132.57618212548329,1.5697794384722243,0.2803366719076686,0.2912061984469754,28.9,0.8663328092331335,299.7691381429528,1.582503241157084,5.402234367736845
frame_385,0,255,4,1,False,False,[],[    -0.5765     0.72228    -0.38206],-7.870441156413114,128.08360107677262,0.62812401050578,0.2845831168724185,0.2760182481121364,28.9,0.4416883127581428,152.83332621389025,1.5939462565948863,5.521060973536247
frame_386,0,255,4,1,False,False,[],[    0.22133    -0.21199     0.95188],-11.754305716079172,132.0717746368479,1.504302132586184,0.2907514356705611,0.2833475265627131,28.9,0.1751435670561185,60.60331040004103,1.584145499100134,4.8683144581056395
frame_387,0,255,4,1,False,False,[],[    0.68108    -0.53641      0.4984],7.380593416840053,-38.46150984423012,0.7246480275611686,0.2799670116571569,0.2785981760535894,28.9,0.9032988342843108,312.56015027138784,1.5776730297823596,4.976066547952511
frame_388,0,255,4,1,False,False,[],[    0.37656     -0.2458     0.89319],8.311905083394667,-34.0980484050439,1.5940993425745933,0.286703148023408,0.2788948770008141,28.9,0.2296851976591962,79.47584694089836,1.5743079629622805,5.565371484918715
frame_389,0,255,4,1,False,False,[],[    0.83639    -0.52315     0.16359],9.31697057154824,-32.00451499132526,0.2872805097264154,0.2873126465280223,0.2907332950187424,28.9,0.1687353471977626,58.385933286423054,1.5865542670379869,6.336561682433425
frame_390,0,255,4,1,False,False,[],[    0.29103    -0.14162     0.94618],6.68091787523208,-30.55143982453299,1.691668607226288,0.3918117306640774,0.311378960193079,28.9,10.28117306640774,3557.499330936934,1.6026775211798772,6.5090083802570895
frame_391,0,255,4,1,False,False,[],[    0.40205    -0.16243     0.90109],-20.54120304637852,-22.10788318161999,1.5994533059117508,0.2242127193554897,0.2173049665729883,28.9,6.478728064451023,2241.77441676506,1.6213413429180648,5.485765413841413
frame_392,0,255,4,1,False,False,[],[    0.51114   -0.082763      0.8555],13.620278060745186,6.977366672779972,1.4830702575920356,0.399194787233104,0.3656353472469958,28.9,11.0194787233104,3812.968416370381,1.7044867916495532,4.729024663345325
frame_393,0,255,4,1,False,False,[],[    0.81117     0.38534     0.43989],17.497056629101817,28.038162426389302,0.2980947623810323,0.2980273539769839,0.3099989445461514,28.9,0.9027353976983898,312.3651895150138,1.684280879253396,4.933842131737893
frame_394,0,255,4,1,False,False,[],[    0.70712     0.36554     0.60528],15.70920189238918,35.24389802340363,0.7674040317150654,0.2974670058910063,0.2892408961617833,28.9,0.8467005891006296,292.9759823877611,1.657806786175432,5.666666779749912
frame_395,0,255,4,1,False,False,[],[    0.41294    0.043832      0.9097],16.864288404652047,36.39335816174269,1.5856956381281593,0.3025990509476965,0.2926193726806658,28.9,1.359905094769659,470.5553961140689,1.638102878194365,6.327137359228369
frame_396,0,255,4,1,False,False,[],[    0.74978     0.47894     0.45657],20.306353234649748,34.69405422590895,0.4742937610624925,0.2982109086309505,0.2877027857453989,28.9,0.9210908630950588,318.7165616245878,1.623121695608357,6.278745089060457
frame_397,0,255,4,1,False,False,[],[    0.74545     0.41055     0.52513],23.888254878568887,31.31882101703407,0.6690741746998604,0.3087649699021811,0.2969534523080573,28.9,1.9764969902181184,683.9089931550583,1.6104973387202022,6.353305053289094
frame_398,0,255,4,1,False,False,[],[      0.347   -0.081096     0.93435],31.624552938083205,10.553412859600073,1.6202470312305983,0.3095065706546648,0.3154142824058317,28.9,2.050657065466482,709.5699188465336,1.6214067374517471,5.05063255477521
frame_399,0,255,4,1,False,False,[],[    0.96257    -0.27075    0.012716],0.4982186965662878,-15.69310090472111,0.2772115160314532,0.2770837796924234,0.2855249734014701,28.9,1.1916220307576553,412.32596219988073,1.5601439983966336,4.864806906835211
frame_400,0,255,4,1,False,False,[],[    0.71823    -0.64041     0.27207],2.883719674465071,-41.33206627170109,0.5648754331722616,0.2892446804556834,0.2852310598202945,28.9,0.0244680455683432,8.466451753751993,1.5540075768394437,5.052845727794828
frame_401,0,255,4,1,False,False,[],[    0.48529    -0.34775     0.80223],8.891306413957903,-32.911242305441604,1.3900394135899952,0.2869636412303116,0.2942634621659075,28.9,0.2036358769688384,70.46224116568804,1.543562226162379,5.411648998473106
frame_402,0,255,4,1,False,False,[],[    0.52632    -0.22136     0.82097],10.628656383569597,-17.51997041775755,1.5184890853416089,0.2880163786021224,0.2875378938449994,28.9,0.0983621397877554,34.03534248711261,1.5418290478607704,5.225527506634117
frame_403,0,255,4,1,False,False,[],[    0.43298    -0.18117     0.88301],20.43463789225534,-16.753735202467862,1.4284246783134074,0.3408937252526035,0.3117064316903615,28.9,5.189372525260355,1795.6306315779775,1.5347744777334509,4.7441176907586
frame_404,0,255,4,1,False,False,[],[    0.32466     -0.1587     0.93242],14.867054942487036,-10.577964785710112,1.6001863692263285,0.2834433939369629,0.282641039547657,28.9,0.555660606303704,192.27010598744084,1.5436987065220222,4.728408452496475
frame_405,0,255,4,1,False,False,[],[    0.32924    -0.14816     0.93255],14.952489961905409,-9.390428333394576,1.686136869628719,0.2963576084143184,0.2904302810883097,28.9,0.7357608414318484,254.5885264470064,1.549585533537892,4.641192237780755
frame_406,0,255,4,1,False,False,[],[    0.31244    -0.15128     0.93782],10.76137939587698,-13.524971666667506,1.7694244991056391,0.2839105303505819,0.2827470025887058,28.9,0.5089469649418032,176.1062162428385,1.5364306918940855,4.916037101845717
frame_407,0,255,4,1,False,False,[],[      0.383    -0.15846     0.91006],12.626901618790884,-15.08084884850558,1.5529716747637696,0.3220905437532838,0.2973704375422519,28.9,3.309054375328385,1145.0015139544587,1.532353669171138,4.785713894510465
frame_409,0,255,4,1,False,False,[],[    0.78347    -0.14213     0.60496],8.677854212096996,-5.952317786016931,1.0279330523457804,0.2899128604973196,0.2856261122027718,28.9,0.0912860497319645,31.58686841936489,1.5315551515244077,4.816513588450684
frame_410,0,255,4,1,False,False,[],[    0.36104    -0.12996     0.92345],6.187998813977743,-4.3164676251193015,2.196359293203062,0.2858470408491997,0.2848257574881643,28.9,0.3152959150800216,109.09893255364072,1.5338617883322243,5.012727744329505
frame_411,0,255,4,1,False,False,[],[    0.28633     -0.1056     0.95229],7.782904410425788,-5.1994115857082885,1.577628135739702,0.2663862754712309,0.2563430473888722,28.9,2.261372452876903,782.4818176044647,1.5424086728780309,4.5398309011735245
frame_412,0,255,-1,1,False,False,[],[    0.26167    -0.11254     0.95857],42.66596788677179,-5.966134185100473,0.8227235598278895,0.0959056770576984,0.0759069898427044,28.9,19.30943229423015,6681.464461671332,0.8142463643688801,1.832848697953404
frame_413,0,255,-1,1,False,False,[],[    0.96592   -0.061267    -0.25149],-15.6529809957242,-6.5881267384751165,0.0286228732229684,0.0291021096972182,0.0317437486197107,28.9,25.98978903027817,8993.006584871342,0.8639484953388,1.4375
frame_414,0,255,4,1,False,False,[],[   0.029178   -0.069115     0.99718],-6.6349740812912605,-9.420662066200723,0.7227263205321118,0.2193908990773593,0.2452719404194787,28.9,6.960910092264061,2408.6194090879108,1.5219952562372396,4.970205944649818
frame_415,0,255,4,1,False,False,[],[    0.43951    -0.22232     0.87029],4.939854227813201,-19.16000793246668,1.549709273742394,0.2815510087179089,0.2973400004832561,28.9,0.7448991282091033,257.75056339415346,1.5187091998920863,5.185185163121843
frame_416,0,255,4,1,False,False,[],[    0.23355     -0.1478     0.96105],3.8637145213934216,-16.592236808078333,1.7556907950107037,0.2870716008806133,0.3032002571798594,28.9,0.1928399119386636,66.72661312756529,1.5226060687166632,4.919110601911666
frame_417,0,255,4,1,False,False,[],[    0.29153    -0.16165      0.9428],6.619276363063295,-15.288666920837422,1.3709479957197663,0.308408599788218,0.3020007421592388,28.9,1.9408599788218075,671.5778473431859,1.527021125538902,4.886198671162705
frame_418,0,255,4,1,False,False,[],[    0.31039    -0.15449     0.93797],6.633678218567226,-9.143058563647088,1.6439736608120612,0.2845464748908152,0.2862938551552076,28.9,0.445352510918473,154.10121485068274,1.5422482855729944,4.8579131723641025
frame_419,0,255,4,1,False,False,[],[    0.33797    -0.15038     0.92906],7.832221929701498,-9.580105391398618,1.668532011018095,0.2852445756445048,0.285926070944841,28.9,0.375542435549514,129.9454794288976,1.5362567489200534,4.886100337604883
frame_420,0,255,4,1,False,False,[],[    0.30351    -0.15309     0.94045],7.207040320240742,-8.841077266715756,1.4236456799705577,0.2811771414935861,0.2808587020968681,28.9,0.7822858506413899,270.68714555065395,1.5337395092069352,4.761838691782173
frame_421,0,255,4,1,False,False,[],[    0.20088    -0.11858     0.97241],8.66729890168643,-5.706513660497218,1.6136324057183995,0.2842681907534684,0.2800948749092921,28.9,0.4731809246531548,163.73042375541692,1.5299552986265004,4.767461831176007
frame_422,0,255,4,1,False,False,[],[    0.36526    -0.14583     0.91941],12.121580793047883,-7.604452070805808,1.6952090332322574,0.2902957878485499,0.2840451813814915,28.9,0.1295787848549945,44.83694977681472,1.5234374868854412,4.82957564503409
frame_423,0,255,4,1,False,False,[],[    0.31624    -0.15524     0.93589],13.09040894990789,-14.291215359785408,1.471544806231467,0.2934424485981938,0.3007597037109997,28.9,0.4442448598193871,153.7179445741824,1.5038030963327924,4.8721421055889085
frame_424,0,255,4,1,False,False,[],[    0.25546    -0.14601     0.95573],11.121502360135176,-14.953253750974874,1.6749795196386543,0.2813565560427216,0.2901747685622504,28.9,0.764344395727834,264.4790296636104,1.499093862271857,4.762269393299499
frame_425,0,255,4,1,False,False,[],[    0.18754     -0.1375     0.97259],16.735033178849616,-10.972451983957496,1.4016718463538618,0.3032940164262728,0.2934695791929892,28.9,1.4294016426272815,494.60264450771,1.4937837014499946,4.8540714110616285
frame_426,0,255,4,1,False,False,[],[    0.33615    -0.12077     0.93403],7.935173103982214,-5.090917310572445,1.6675238396117291,0.2770441039354888,0.2714455158760382,28.9,1.1955896064511196,413.6988257616331,1.4838470001348714,4.742237318723259
frame_427,0,255,4,1,False,False,[],[    0.20428     -0.1419     0.96857],14.561454835136043,-8.665827716019505,1.1035560213336293,0.2840638315797661,0.2871340552199889,28.9,0.4936168420233811,170.8016754406163,1.4788825537159236,4.780570593203082
frame_428,0,255,4,1,False,False,[],[    0.18857    -0.17893     0.96562],12.744257974171466,-26.999248758925926,1.6690486611864903,0.279719081857211,0.2813465270074253,28.9,0.9280918142788974,321.1390360826635,1.457983810689151,4.9428572634125025
frame_429,0,255,4,1,False,False,[],[    0.29087    -0.29866     0.90895],13.85042378370646,-44.78450030558116,1.3483729886205924,0.291156622634451,0.2850893714308638,28.9,0.2156622634451044,74.62362056924029,1.4676465440880169,5.628571769874914
frame_430,0,255,4,1,False,False,[],[    0.17582    -0.21164      0.9614],-13.92363513777295,127.30642131185868,1.6898882585984616,0.289544422804439,0.2828677751850334,28.9,0.0544422804439059,18.838159323150855,1.4828132589370573,5.720338428270525
frame_431,0,255,4,1,False,False,[],[   -0.53553     0.81075     -0.2364],-12.026504411226144,123.45488582616996,0.2841872511361769,0.2842473986343148,0.2791252729430112,28.9,0.4752601365685172,164.44987424516165,1.5011016610659005,6.746478856868771
frame_432,0,255,4,1,False,False,[],[    -0.5684     0.78532    -0.24534],-0.9686345223049826,125.60894326293538,0.5029714883334822,0.2559980463136119,0.2414028511846448,28.9,3.300195368638809,1141.936113715851,1.5227104250456438,6.097484569819929
frame_433,0,255,4,1,False,False,[],[    0.47108    -0.49093     0.73285],-11.99241511044157,-44.631975402152776,0.8403242016225867,0.2717795200742024,0.2630550165620116,28.9,1.722047992579756,595.8643572940333,1.5304242771549057,6.354838937033584
frame_434,0,255,4,1,False,False,[],[     0.7996    -0.46552    -0.37938],-22.37256310637452,-30.069806600182336,0.2837821482214208,0.2838393086274626,0.2866734747226719,28.9,0.5160691372537329,178.57063572793527,1.5221137088356596,5.647668407069854
frame_435,0,255,4,1,False,False,[],[    0.85155     -0.3383    -0.40052],-35.46837196280103,-20.443333162016653,0.2804777715891856,0.2455458106295807,0.2621534263368384,28.9,4.345418937041928,1503.6051685266189,1.501827128941972,5.292682162494415
frame_436,0,255,4,1,False,False,[],[    0.89468    -0.35026    -0.27724],-24.688866036568804,-19.53838631031328,0.2814419588039675,0.2496932573456946,0.2449996211475436,28.9,3.930674265430531,1360.094901533056,1.49828075492998,5.8708335590166945
frame_437,0,255,4,1,False,False,[],[    0.83118    -0.38949    -0.39677],-18.86635545507147,-25.277807650967,0.3265257392919689,0.2764366639006173,0.2975845448131007,28.9,1.2563336099382705,434.717512089367,1.4855134214198755,6.3770501914461555
frame_438,0,255,4,1,False,False,[],[    -0.1407     0.08004     0.98681],-15.38091019564206,-32.442326020796095,1.4049791501254556,0.266125415290857,0.2541994741088884,28.9,2.2874584709142995,791.5081214236332,1.485295359258088,7.014285257477348
frame_439,0,255,4,1,False,False,[],[   -0.30004     0.25523     0.91915],-22.08564152279974,-36.56699043848111,1.100196769408133,0.2721724546055291,0.2765248130942753,28.9,1.68275453944709,582.2680067290969,1.4861797151936822,6.9934614504631885
frame_440,0,255,4,1,False,False,[],[    0.30921    -0.19903     0.92993],-30.40164834651496,-35.62221569078385,1.5526348475047846,0.2583760075813919,0.2465445954402607,28.9,3.062399241860808,1059.653716906854,1.477963959828752,6.885802054586239
frame_441,0,255,4,1,False,False,[],[    0.17296   -0.076322     0.98197],-34.9921807374803,-37.85590516214568,1.6230169846719444,0.2473366539056275,0.2706631534923073,28.9,4.166334609437245,1441.6382731616764,1.4694492589365862,6.889206531770261
frame_442,0,255,4,1,False,False,[],[   -0.56786     0.45559     0.68555],-35.909172761013565,-37.99638501817299,0.3292363144382603,0.2713933590872449,0.285916912932917,28.9,1.7606640912755045,609.2263291610743,1.465086609125137,6.206422285984491
frame_443,0,255,4,1,False,False,[],[   0.016005    0.028126     0.99948],-29.43959609929552,-28.36855581432948,1.479412392802648,0.2686842725056616,0.287973034487952,28.9,2.031572749433836,702.9663492850642,1.454211809287849,5.6294360763726194
frame_444,0,255,4,1,False,False,[],[    0.42356    -0.17593     0.88862],-20.485212399675405,-14.997849407791394,1.619703758238874,0.2817657790223549,0.2944535106643165,28.9,0.7234220977645089,250.31906497041837,1.4535122898520616,5.681600961347993
frame_445,0,255,4,1,False,False,[],[    0.38495     -0.1317     0.91349],-11.334120723127244,-9.634134418032774,1.892677201351227,0.2828424946533014,0.288445547014002,28.9,0.6157505346698566,213.06246874389504,1.4513735639247969,5.361917974466407
frame_446,0,255,4,1,False,False,[],[    0.44377    -0.13506      0.8859],-15.20336788260066,-2.321835668711576,1.980414536368733,0.2745528997142805,0.2692248778736997,28.9,1.4447100285719494,499.8996638657265,1.4724127865004206,5.553549320350194
frame_447,0,255,4,1,False,False,[],[    0.42282    -0.13617     0.89593],-12.314880886803866,-0.2841253419540923,1.8122146745731524,0.2541780701936474,0.26826456758448,28.9,3.482192980635257,1204.9110659637568,1.4664687340401403,6.865871210428213
frame_448,0,255,4,1,False,False,[],[    0.40851    -0.12495     0.90416],-20.88421037377487,0.3640282287405707,1.85654147531298,0.2742651884480535,0.2715946872193686,28.9,1.4734811551946447,509.8550710016072,1.4688338515640216,6.474064893880049
frame_449,0,255,4,1,False,False,[],[    0.36485    -0.14663     0.91945],-24.564849662482867,-4.620497936702246,1.7906577110921462,0.2858745633575795,0.2928526774016593,28.9,0.3125436642420431,108.14659662354435,1.460582056568046,5.528384246633663
frame_450,0,255,4,1,False,False,[],[     0.4959    -0.11416     0.86084],-18.57377518191129,0.8610128080827573,1.9129958264692064,0.285433415858392,0.2821924348247153,28.9,0.3566584141607987,123.4112159725947,1.4679273394569563,5.843551808045643
frame_451,0,255,4,1,False,False,[],[    0.43591    -0.13602     0.88965],-14.38238272780897,-4.694277625937824,1.9165234624886287,0.2845915800290394,0.2804977673586404,28.9,0.4408419970960586,152.54048342424176,1.4736785824386012,5.589446515248858
frame_452,0,255,4,1,False,False,[],[     0.4794    -0.14433     0.86565],-10.22146158511407,-8.462169253162726,1.746851902021554,0.276290592164228,0.2645676373189543,28.9,1.2709407835771958,439.77189743155566,1.4773143142518543,5.597799588198017
frame_453,0,255,4,1,False,False,[],[    0.39397    -0.11865     0.91143],-13.438695084736562,-13.89332823011095,1.9391952498418543,0.3037013337412813,0.2988160355947046,28.9,1.4701333741281295,508.6966692484879,1.4706021635432402,5.491689365738956
frame_454,0,255,4,1,False,False,[],[    0.43211    -0.16084     0.88736],-17.129392249247097,-17.6714568783402,1.896247413783123,0.286081778656147,0.301911311212135,28.9,0.2918221343853,100.97651708833912,1.4687860510638346,5.552156022733749
frame_455,0,255,4,1,False,False,[],[    0.13914   -0.088347     0.98632],-19.29990553131157,-24.23612758294332,1.3716887219891571,0.2805458120750337,0.2881342368993322,28.9,0.8454187924966217,292.5324541510802,1.4781436185434351,5.476340413165076
frame_456,0,255,4,1,False,False,[],[    0.13382   -0.091431     0.98678],-14.746444286857372,-25.773520232895567,1.670182036825471,0.284443503710533,0.2912261149461832,28.9,0.4556496289466916,157.66423146944345,1.4775351981061038,5.43845044307162
frame_457,0,255,4,1,False,False,[],[   -0.02734    -0.00336     0.99962],-17.43624641153059,-15.118921994392409,1.4432797857530189,0.2838774216114099,0.3115325852557865,28.9,0.5122578388590038,177.2518473560567,1.479731387108446,5.4410252922852775
frame_458,0,255,4,1,False,False,[],[    0.17638   -0.087352     0.98044],-16.334640518880793,-8.91601774693843,1.7175441011756851,0.2856777673665452,0.2847354776047179,28.9,0.3322232633454713,114.95614648632228,1.4931837665088736,5.4678109726047
frame_459,0,255,4,1,False,False,[],[    0.24814    -0.12026     0.96123],-18.96912834882779,-4.157989629335228,1.669528843485376,0.285911250425422,0.28354010689215,28.9,0.3088749574577942,106.8771479092714,1.4865409699491798,5.514754215281251
frame_460,0,255,4,1,False,False,[],[      0.147    -0.12327     0.98142],-20.25972550121503,-4.601710570367384,1.6507122777679606,0.284591552700359,0.2831289880119969,28.9,0.440844729964096,152.54142905332046,1.485160041688153,5.3562888905307835
frame_461,0,255,4,1,False,False,[],[    0.14017     -0.1037     0.98468],-24.667552705652877,-7.929147629212008,1.6349917506808145,0.2908783295745453,0.2839970665038729,28.9,0.1878329574545367,64.99410292544525,1.4842964860084138,5.414634132537836
frame_462,0,255,4,1,False,False,[],[     0.2151    -0.12547      0.9685],-23.17718644670005,-14.320944576513776,1.7675283894686509,0.2852313383260149,0.2946182014945861,28.9,0.3768661673985096,130.4035181309722,1.463375509607543,5.440379953172448
frame_463,0,255,4,1,False,False,[],[   -0.21442    0.036183     0.97607],-31.83079830659398,-20.268459632871043,1.4949819341100223,0.2839077734351075,0.3142290638139975,28.9,0.5092226564892444,176.2016112419531,1.4442221242271651,5.3584424432275535
frame_464,0,255,4,1,False,False,[],[    0.10909   -0.087139     0.99021],-26.734841882952274,-14.296344698530117,1.6678269247240611,0.2789222188574897,0.2861181286111195,28.9,1.007778114251029,348.71215025987163,1.448070170981384,5.175384373669871
frame_465,0,255,4,1,False,False,[],[   0.028918   -0.084797     0.99598],-24.01586107983556,-8.588902030737763,1.739314389451551,0.2828602378006867,0.2862411869896645,28.9,0.6139762199313281,212.44851900738,1.4537004828679956,5.198556317915806
frame_466,0,255,4,1,False,False,[],[    0.17396    -0.12414      0.9769],-21.16917179484267,-8.12218676486682,1.678339405270551,0.2842267330236982,0.2829457385417414,28.9,0.477326697630176,165.1649472768775,1.4474790212693074,5.074790517405889
frame_467,0,255,4,1,False,False,[],[    0.22667    -0.13868     0.96405],-22.249530988400785,-10.414115237380228,1.815650367159172,0.2849609530330436,0.2841711057772021,28.9,0.4039046966956339,139.75941062132662,1.4451159983554558,5.256944624548299
frame_468,0,255,4,1,False,False,[],[    0.25296    -0.13515     0.95799],-23.11646819982616,-9.598880389939682,1.614322652063128,0.2859551761161509,0.2790230590713529,28.9,0.3044823883849024,105.35722781484512,1.4402959755826867,5.0044586663615345
frame_469,0,255,4,1,False,False,[],[   0.045402   -0.086086     0.99525],-22.3747103840064,-6.833926559370024,1.8030271542605725,0.2865801801385091,0.2834998265544646,28.9,0.2419819861490868,83.73079105504735,1.4401971668667264,5.214647221464608
frame_470,0,255,4,1,False,False,[],[   0.099991    -0.10547     0.98938],-22.04980910843692,-9.71693229699333,1.8170045956436929,0.2849564747235881,0.2837956102040691,28.9,0.4043525276411885,139.9143694260168,1.439612028564232,5.121621747720626
frame_471,0,255,4,1,False,False,[],[   0.099881    -0.11607     0.98821],-22.433833343691035,-15.271215037751883,1.6988831517111769,0.2781684475122863,0.2925606916387587,28.9,1.083155248771367,374.7942037271166,1.421396028361699,5.109316081354901
frame_472,0,255,4,1,False,False,[],[    0.10186    -0.11895     0.98766],-22.78677519210154,-18.161935909874668,1.839319507320608,0.2871209328454875,0.2807455540234245,28.9,0.187906715451247,65.0196247236149,1.4246037444587332,5.323332980142479
frame_473,0,255,4,1,False,False,[],[    0.23468    -0.13631     0.96247],-20.72448718261085,-19.490809752786102,1.2677121339210615,0.2920318490675858,0.2924688439610047,28.9,0.3031849067585801,104.9082722348028,1.4166012161510673,5.221975259116291
frame_474,0,255,4,1,False,False,[],[    0.20581    -0.13583     0.96912],-22.788137314280927,-16.30338786192702,1.9011571734175403,0.2855321886474706,0.3004466919338865,28.9,0.3467811352529326,119.99347240585904,1.4024136295479797,5.218165000693541
frame_475,0,255,4,1,False,False,[],[   0.065425     -0.1094     0.99184],-17.605573439509197,-6.472331911619945,1.715542969551183,0.2821430132447464,0.2757802055910684,28.9,0.6856986755253536,237.26597769043377,1.4208560480225472,5.07216229902503
frame_476,0,255,4,1,False,False,[],[   0.021727     -0.1457     0.98909],-17.036718868286698,3.521884712077259,1.721373361214461,0.2818634155875399,0.2842101563499256,28.9,0.7136584412460012,246.940637109343,1.4206926884048483,5.137931034482759
frame_477,0,255,4,1,False,False,[],[    0.13996    -0.11483     0.98348],-22.781572876948584,0.977661924742965,1.8314063134566163,0.3099010491949381,0.7413058453235213,28.9,2.090104919493813,723.2196953265789,1.4339503021604083,5.406318148269224
frame_478,0,255,4,1,False,False,[],[    0.15402    -0.14378     0.97755],-9.756483939659164,-6.553396930953323,1.8585671717591712,0.2886877994556792,0.2881495110998405,28.9,0.0312200544320795,10.802787000719563,1.411445861175412,5.410010730265558
frame_479,0,255,4,1,False,False,[],[    0.21519    -0.12151     0.96898],-7.535966406113673,-12.569120832629478,1.8337129857980496,0.2854126202950027,0.2899471705219055,28.9,0.3587379704997284,124.13078564004444,1.397316583183948,5.077693753821465
frame_480,0,255,4,1,False,False,[],[    0.15347    -0.11877     0.98099],-13.35651775920498,-8.368800621718984,1.754141293066919,0.285363771328953,0.2783996391458582,28.9,0.3636228671046959,125.82106128190172,1.4056954274695694,5.506985583862427
frame_481,0,255,4,1,False,False,[],[    0.12017    -0.14627     0.98192],-14.460375204324286,-3.659419791759565,1.8645135799295844,0.2882694499701894,0.2889990855487953,28.9,0.0730550029810539,25.278547744309325,1.4087310914735536,5.281645600422947
frame_482,0,255,4,1,False,False,[],[    0.36749    -0.15693     0.91669],-10.19652869915176,-4.064683905235672,1.5218205772848477,0.2873213011177999,0.2869002221733467,28.9,0.1678698882200069,58.08646651211312,1.4093845951209625,5.159785015748206
frame_483,0,255,4,1,False,False,[],[  -0.011842    -0.11745     0.99301],-9.497215272595104,-8.60312228710003,1.8235789792808823,0.2849931747597399,0.2836287661961052,28.9,0.4006825240260026,138.64447198131575,1.4031987827733825,5.110433781632106
