unique_track,video_day,source_folder,track_id,n_frames_validos,calculated_length_cm,gt_cm,abs_error_cm,mean_elevation_deg
2025_08_21_10-01-53_0_compressed-r201-end_1,2025_08_21,10-01-53_0_compressed-r201-end,1,59.0,31.208944196183165,29.1,2.108944196183163,3.402429981598001
2025_08_21_10-01-53_0_compressed-r201-end_4,2025_08_21,10-01-53_0_compressed-r201-end,4,14.0,36.84435789251525,32.3,4.544357892515251,3.9077540982529024
2025_08_21_10-01-53_0_compressed-r201-end_18,2025_08_21,10-01-53_0_compressed-r201-end,18,31.0,28.42558038018634,29.1,0.674419619813662,-7.6089006962648895
2025_08_21_10-07-59_0-r50-end_6,2025_08_21,10-07-59_0-r50-end,6,24.0,27.702858273772186,29.1,1.3971417262278152,-0.17736402026702058
2025_08_21_10-07-59_0-r50-end_9,2025_08_21,10-07-59_0-r50-end,9,21.0,31.856797566063467,32.3,0.4432024339365306,-7.936477929675523
2025_08_21_10-07-59_0-r50-end_12,2025_08_21,10-07-59_0-r50-end,12,42.0,31.582838874502446,32.3,0.717161125497551,1.5888043387400252
2025_08_21_10-07-59_0-r50-end_16,2025_08_21,10-07-59_0-r50-end,16,17.0,28.7663860649508,29.1,0.33361393504920045,7.39266969984661
2025_08_21_10-07-59_0-r50-end_21,2025_08_21,10-07-59_0-r50-end,21,34.0,31.81256658295698,32.3,0.4874334170430181,9.116598282868557
2025_08_21_10-07-59_0-r50-end_24,2025_08_21,10-07-59_0-r50-end,24,25.0,28.572602704613782,29.1,0.5273972953862192,10.492138841807526
2025_08_21_10-07-59_0-r50-end_27,2025_08_21,10-07-59_0-r50-end,27,13.0,33.23579167548511,32.3,0.9357916754851132,2.3224327363254136
2025_08_21_10-07-59_0-r50-end_28,2025_08_21,10-07-59_0-r50-end,28,7.0,26.54176458775652,29.1,2.55823541224348,0.5543056991434427
2025_08_21_10-09-31_0-r0-344_4,2025_08_21,10-09-31_0-r0-344,4,13.0,29.377890695335,29.1,0.27789069533499955,12.442957649985516
2025_08_21_10-09-31_0-r0-344_9,2025_08_21,10-09-31_0-r0-344,9,41.0,28.817452103913414,29.1,0.28254789608658726,6.1219150654063474
2025_08_21_10-09-31_0-r0-344_10,2025_08_21,10-09-31_0-r0-344,10,18.0,33.0057383498252,32.3,0.7057383498252037,19.095453513461816
2025_08_21_10-09-31_0-r0-344_16,2025_08_21,10-09-31_0-r0-344,16,8.0,28.879592677840236,29.1,0.22040732215976533,12.142729019252913
2025_08_21_10-09-31_0-r398-end_1,2025_08_21,10-09-31_0-r398-end,1,19.0,28.69689439821966,29.1,0.40310560178034294,14.839042829563015
2025_08_21_10-09-31_0-r398-end_4,2025_08_21,10-09-31_0-r398-end,4,12.0,31.598936038416596,32.3,0.7010639615834009,8.838147298380479
2025_08_21_10-09-31_0-r398-end_5,2025_08_21,10-09-31_0-r398-end,5,18.0,31.51171989382378,32.3,0.7882801061762166,-1.5979277202289732
2025_08_21_10-09-31_0-r398-end_7,2025_08_21,10-09-31_0-r398-end,7,18.0,30.541577243585984,29.1,1.4415772435859822,-0.9361360642141103
2025_08_21_10-09-31_0-r398-end_9,2025_08_21,10-09-31_0-r398-end,9,66.0,33.40852460225835,32.3,1.1085246022583561,11.740340665030336
2025_08_21_10-09-31_0-r398-end_13,2025_08_21,10-09-31_0-r398-end,13,12.0,28.902629120895412,29.1,0.1973708791045894,19.082739322134575
2025_08_21_10-09-31_0-r398-end_14,2025_08_21,10-09-31_0-r398-end,14,27.0,29.567902675792944,29.1,0.4679026757929421,-14.212843375660631
2025_08_21_10-11-02_0-r0-244_3,2025_08_21,10-11-02_0-r0-244,3,48.0,28.262112663070866,29.1,0.8378873369291355,16.03126712903735
2025_08_21_10-11-02_0-r0-244_7,2025_08_21,10-11-02_0-r0-244,7,32.0,31.171107261121513,32.3,1.1288927388784842,8.152120926428637
2025_08_21_10-11-02_0-r295-end_2,2025_08_21,10-11-02_0-r295-end,2,67.0,29.989196137730023,32.3,2.3108038622699745,-1.798988822809001
2025_08_21_10-11-02_0-r295-end_4,2025_08_21,10-11-02_0-r295-end,4,9.0,29.04855419185089,29.1,0.05144580814911137,-19.616979526848432
2025_08_21_10-12-34_0-r215-end_1,2025_08_21,10-12-34_0-r215-end,1,25.0,32.790530375725645,29.1,3.6905303757256434,-16.50941623961712
2025_08_21_10-12-34_0-r215-end_2,2025_08_21,10-12-34_0-r215-end,2,19.0,29.88125141812122,29.1,0.7812514181212187,13.210976114694038
2025_08_21_10-12-34_0-r215-end_4,2025_08_21,10-12-34_0-r215-end,4,14.0,31.1985317251731,32.3,1.101468274826896,-7.910826051297262
2025_08_21_10-12-34_0-r215-end_6,2025_08_21,10-12-34_0-r215-end,6,9.0,28.35658530631014,29.1,0.7434146936898607,-9.326724094286114
2025_08_21_10-12-34_0-r215-end_12,2025_08_21,10-12-34_0-r215-end,12,10.0,27.73801869582589,29.1,1.3619813041741118,-21.875434535895433
2025_08_21_10-12-34_0-r215-end_15,2025_08_21,10-12-34_0-r215-end,15,18.0,32.07710808832339,32.3,0.22289191167660505,-16.137688899674888
2025_08_21_10-14-05_0-r0-528_1,2025_08_21,10-14-05_0-r0-528,1,13.0,27.49362799260059,29.1,1.6063720073994112,7.60236689065411
2025_08_21_10-14-05_0-r0-528_6,2025_08_21,10-14-05_0-r0-528,6,34.0,28.664377124148206,29.1,0.43562287585179504,-9.126678668241079
2025_08_21_10-14-05_0-r0-528_10,2025_08_21,10-14-05_0-r0-528,10,10.0,27.510712916727257,29.1,1.589287083272744,9.222276025415866
2025_08_21_10-14-05_0-r0-528_13,2025_08_21,10-14-05_0-r0-528,13,18.0,32.46535642365443,32.3,0.16535642365442982,16.21817708436439
2025_08_21_10-14-05_0-r0-528_17,2025_08_21,10-14-05_0-r0-528,17,8.0,29.55325056616115,32.3,2.746749433838847,8.724289548987395
2025_08_21_10-15-37_0-r496-end_5,2025_08_21,10-15-37_0-r496-end,5,20.0,28.406704950415545,29.1,0.6932950495844565,-1.2262416988293106
2025_08_21_10-15-37_0-r496-end_6,2025_08_21,10-15-37_0-r496-end,6,21.0,31.75493650132776,32.3,0.5450634986722385,-17.317692108011958
2025_08_21_10-18-24_0_compressed-r47-end_1,2025_08_21,10-18-24_0_compressed-r47-end,1,21.0,27.799246011807853,29.1,1.3007539881921488,7.360009586195012
2025_08_21_10-18-24_0_compressed-r47-end_5,2025_08_21,10-18-24_0_compressed-r47-end,5,8.0,31.28589498087717,32.3,1.0141050191228267,10.901574587798333
2025_08_21_10-18-24_0_compressed-r47-end_10,2025_08_21,10-18-24_0_compressed-r47-end,10,11.0,27.72785726332467,29.1,1.3721427366753325,12.526112237542412
2025_08_21_10-19-44_0_compressed-r383-534_1,2025_08_21,10-19-44_0_compressed-r383-534,1,47.0,32.03146031269907,32.3,0.2685396873009296,0.8472867231030292
2025_08_21_10-19-44_0_compressed-r383-534_2,2025_08_21,10-19-44_0_compressed-r383-534,2,16.0,27.71931629095008,29.1,1.3806837090499222,5.168586778979142
2025_08_21_10-19-44_0_compressed-r588-end_1,2025_08_21,10-19-44_0_compressed-r588-end,1,39.0,29.851667566124878,29.1,0.7516675661248762,12.424598300543295
2025_08_21_10-19-44_0_compressed-r588-end_2,2025_08_21,10-19-44_0_compressed-r588-end,2,40.0,31.861349657849214,32.3,0.43865034215078325,-10.678155110317284
2025_08_21_10-20-29_1_compressed-r0-78_1,2025_08_21,10-20-29_1_compressed-r0-78,1,10.0,29.3758112962727,29.1,0.27581129627269974,3.966123068683025
2025_08_21_10-22-00_1_compressed_1,2025_08_21,10-22-00_1_compressed,1,6.0,22.05261452986434,29.1,7.047385470135662,-7.03479676274537
2025_08_21_10-22-00_1_compressed_2,2025_08_21,10-22-00_1_compressed,2,58.0,32.053749096153744,32.3,0.2462509038462528,11.566431185608835
2025_08_21_10-37-15_1-r_1,2025_08_21,10-37-15_1-r,1,40.0,32.15197127829359,32.3,0.14802872170641024,16.709857619678747
2025_08_21_10-37-15_1-r_2,2025_08_21,10-37-15_1-r,2,27.0,29.16346142817792,29.1,0.06346142817792,7.376928226756037
2025_08_21_10-37-15_1-r_6,2025_08_21,10-37-15_1-r,6,13.0,32.84811106077201,29.1,3.748111060772011,6.486303888251893
2025_08_21_10-37-15_1-r_8,2025_08_21,10-37-15_1-r,8,13.0,33.24452965250452,32.3,0.9445296525045208,-8.774680905680405
2025_08_21_13-05-55_0-r_1,2025_08_21,13-05-55_0-r,1,22.0,28.499530008411945,29.1,0.6004699915880565,8.860471053744234
2025_08_21_13-05-55_0-r_2,2025_08_21,13-05-55_0-r,2,15.0,31.00422973848136,32.3,1.295770261518637,12.275960159523388
2025_08_21_13-05-55_0-r_3,2025_08_21,13-05-55_0-r,3,16.0,27.43027752716587,26.6,0.8302775271658689,9.686274089141193
2025_08_21_13-05-55_0-r_8,2025_08_21,13-05-55_0-r,8,25.0,27.264166623219655,26.6,0.6641666232196535,9.686128891203309
2025_08_21_13-05-55_0-r_10,2025_08_21,13-05-55_0-r,10,47.0,35.966570106549426,29.1,6.866570106549425,6.5485912250285345
2025_08_21_13-05-55_0-r_15,2025_08_21,13-05-55_0-r,15,65.0,27.646173153884856,26.6,1.0461731538848547,4.06826235138819
2025_08_21_13-05-55_0-r_20,2025_08_21,13-05-55_0-r,20,46.0,30.494566914279552,29.1,1.394566914279551,3.33510401233006
2025_08_21_13-05-55_0-r_26,2025_08_21,13-05-55_0-r,26,21.0,31.82506938908744,32.3,0.4749306109125584,-0.3033018750140523
2025_08_21_13-05-55_0-r_34,2025_08_21,13-05-55_0-r,34,32.0,31.01000681917252,32.3,1.2899931808274765,1.3360367600486511
2025_08_21_13-05-55_0-r_38,2025_08_21,13-05-55_0-r,38,19.0,28.79026721000657,29.1,0.3097327899934328,-10.117921958928688
2025_08_21_13-05-55_0-r_42,2025_08_21,13-05-55_0-r,42,10.0,25.48512972931088,29.1,3.6148702706891207,-5.246114588513008
2025_08_21_13-05-55_0-r_49,2025_08_21,13-05-55_0-r,49,8.0,28.74399946382715,26.6,2.14399946382715,12.631549816153488
2025_08_21_13-22-22_0_compressed-r378-463_1,2025_08_21,13-22-22_0_compressed-r378-463,1,32.0,26.636903493525903,26.6,0.03690349352590161,5.445928520862475
2025_08_21_13-22-22_0_compressed-r378-463_3,2025_08_21,13-22-22_0_compressed-r378-463,3,6.0,27.117324157933908,29.1,1.9826758420660937,-8.639564069434774
2025_08_21_13-22-22_0_compressed-r60-297_1,2025_08_21,13-22-22_0_compressed-r60-297,1,48.0,33.51627976358749,32.3,1.2162797635874938,8.5343201090822
2025_08_21_13-22-22_0_compressed-r60-297_9,2025_08_21,13-22-22_0_compressed-r60-297,9,34.0,32.1965295517413,29.1,3.0965295517412983,5.188687410145085
2025_08_21_13-23-54_0_compressed-r450-524_1,2025_08_21,13-23-54_0_compressed-r450-524,1,19.0,33.77632217245295,32.3,1.476322172452953,7.832630169286041
2025_08_21_13-23-54_0_compressed-r450-524_2,2025_08_21,13-23-54_0_compressed-r450-524,2,25.0,27.35560101448907,26.6,0.7556010144890699,-4.799787798708319
2025_08_21_13-23-54_0_compressed-r450-524_3,2025_08_21,13-23-54_0_compressed-r450-524,3,20.0,28.70862320476344,29.1,0.3913767952365603,2.104247948418255
2025_08_21_13-23-54_0_compressed-r602-end_1,2025_08_21,13-23-54_0_compressed-r602-end,1,28.0,28.600973821607596,29.1,0.4990261783924055,-3.69702666111283
2025_08_21_13-23-54_0_compressed-r602-end_2,2025_08_21,13-23-54_0_compressed-r602-end,2,25.0,25.88780182099245,26.6,0.7121981790075509,13.423062580265563
