track_uid,n_frames_validos,calculated_length_cm,gt_cm,abs_error_cm,mean_elevation_deg,dataset,scenario,video_day,video_name,especie_gt,rel_error_perc
Dataset_2_2025_08_21_10-01-53_0_compressed-r201-end_1,59.0,31.208944196183165,29.1,2.108944196183163,3.402429981598001,Dataset_2,multiple_fish,2025_08_21,10-01-53_0_compressed-r201-end,red,7.247230914718774
Dataset_2_2025_08_21_10-01-53_0_compressed-r201-end_18,31.0,28.42558038018634,29.1,0.674419619813662,-7.6089006962648895,Dataset_2,multiple_fish,2025_08_21,10-01-53_0_compressed-r201-end,red,2.317593195235952
Dataset_2_2025_08_21_10-01-53_0_compressed-r201-end_4,14.0,36.84435789251525,32.3,4.544357892515251,3.9077540982529024,Dataset_2,multiple_fish,2025_08_21,10-01-53_0_compressed-r201-end,no_mark,14.069219481471364
Dataset_2_2025_08_21_10-07-59_0-r50-end_12,42.0,31.582838874502446,32.3,0.717161125497551,1.5888043387400252,Dataset_2,multiple_fish,2025_08_21,10-07-59_0-r50-end,no_mark,2.2203130820357617
Dataset_2_2025_08_21_10-07-59_0-r50-end_16,17.0,28.7663860649508,29.1,0.33361393504920045,7.39266969984661,Dataset_2,multiple_fish,2025_08_21,10-07-59_0-r50-end,red,1.1464396393443315
Dataset_2_2025_08_21_10-07-59_0-r50-end_21,34.0,31.81256658295698,32.3,0.4874334170430181,9.116598282868557,Dataset_2,multiple_fish,2025_08_21,10-07-59_0-r50-end,no_mark,1.509081786510892
Dataset_2_2025_08_21_10-07-59_0-r50-end_24,25.0,28.572602704613782,29.1,0.5273972953862192,10.492138841807526,Dataset_2,multiple_fish,2025_08_21,10-07-59_0-r50-end,red,1.812361839815186
Dataset_2_2025_08_21_10-07-59_0-r50-end_27,13.0,33.23579167548511,32.3,0.9357916754851132,2.3224327363254136,Dataset_2,multiple_fish,2025_08_21,10-07-59_0-r50-end,no_mark,2.897187849799112
Dataset_2_2025_08_21_10-07-59_0-r50-end_28,7.0,26.54176458775652,29.1,2.55823541224348,0.5543056991434427,Dataset_2,multiple_fish,2025_08_21,10-07-59_0-r50-end,red,8.791186983654569
Dataset_2_2025_08_21_10-07-59_0-r50-end_6,24.0,27.702858273772186,29.1,1.3971417262278152,-0.17736402026702058,Dataset_2,multiple_fish,2025_08_21,10-07-59_0-r50-end,red,4.801174316934072
Dataset_2_2025_08_21_10-07-59_0-r50-end_9,21.0,31.856797566063467,32.3,0.4432024339365306,-7.936477929675523,Dataset_2,multiple_fish,2025_08_21,10-07-59_0-r50-end,no_mark,1.3721437583174323
Dataset_2_2025_08_21_10-09-31_0-r0-344_10,18.0,33.0057383498252,32.3,0.7057383498252037,19.095453513461816,Dataset_2,multiple_fish,2025_08_21,10-09-31_0-r0-344,no_mark,2.184948451471219
Dataset_2_2025_08_21_10-09-31_0-r0-344_16,8.0,28.879592677840236,29.1,0.22040732215976533,12.142729019252913,Dataset_2,multiple_fish,2025_08_21,10-09-31_0-r0-344,red,0.7574134782122519
Dataset_2_2025_08_21_10-09-31_0-r0-344_4,13.0,29.377890695335,29.1,0.27789069533499955,12.442957649985516,Dataset_2,multiple_fish,2025_08_21,10-09-31_0-r0-344,red,0.9549508430755999
Dataset_2_2025_08_21_10-09-31_0-r0-344_9,41.0,28.817452103913414,29.1,0.28254789608658726,6.1219150654063474,Dataset_2,multiple_fish,2025_08_21,10-09-31_0-r0-344,red,0.9709549693697157
Dataset_2_2025_08_21_10-09-31_0-r398-end_1,19.0,28.69689439821966,29.1,0.40310560178034294,14.839042829563015,Dataset_2,multiple_fish,2025_08_21,10-09-31_0-r398-end,red,1.3852426178018655
Dataset_2_2025_08_21_10-09-31_0-r398-end_13,12.0,28.902629120895412,29.1,0.1973708791045894,19.082739322134575,Dataset_2,multiple_fish,2025_08_21,10-09-31_0-r398-end,red,0.6782504436583827
Dataset_2_2025_08_21_10-09-31_0-r398-end_14,27.0,29.567902675792944,29.1,0.4679026757929421,-14.212843375660631,Dataset_2,multiple_fish,2025_08_21,10-09-31_0-r398-end,red,1.607912975233478
Dataset_2_2025_08_21_10-09-31_0-r398-end_4,12.0,31.598936038416596,32.3,0.7010639615834009,8.838147298380479,Dataset_2,multiple_fish,2025_08_21,10-09-31_0-r398-end,no_mark,2.1704766612489195
Dataset_2_2025_08_21_10-09-31_0-r398-end_5,18.0,31.51171989382378,32.3,0.7882801061762166,-1.5979277202289732,Dataset_2,multiple_fish,2025_08_21,10-09-31_0-r398-end,no_mark,2.4404956847560886
Dataset_2_2025_08_21_10-09-31_0-r398-end_7,18.0,30.541577243585984,29.1,1.4415772435859822,-0.9361360642141103,Dataset_2,multiple_fish,2025_08_21,10-09-31_0-r398-end,red,4.9538736892989075
Dataset_2_2025_08_21_10-09-31_0-r398-end_9,66.0,33.40852460225835,32.3,1.1085246022583561,11.740340665030336,Dataset_2,multiple_fish,2025_08_21,10-09-31_0-r398-end,no_mark,3.431964712874168
Dataset_2_2025_08_21_10-11-02_0-r0-244_3,48.0,28.262112663070866,29.1,0.8378873369291355,16.03126712903735,Dataset_2,multiple_fish,2025_08_21,10-11-02_0-r0-244,red,2.8793379275915307
Dataset_2_2025_08_21_10-11-02_0-r0-244_7,32.0,31.171107261121513,32.3,1.1288927388784842,8.152120926428637,Dataset_2,multiple_fish,2025_08_21,10-11-02_0-r0-244,no_mark,3.4950239593761125
Dataset_2_2025_08_21_10-11-02_0-r295-end_2,67.0,29.989196137730023,32.3,2.3108038622699745,-1.798988822809001,Dataset_2,multiple_fish,2025_08_21,10-11-02_0-r295-end,no_mark,7.154191524055649
Dataset_2_2025_08_21_10-11-02_0-r295-end_4,9.0,29.04855419185089,29.1,0.05144580814911137,-19.616979526848432,Dataset_2,multiple_fish,2025_08_21,10-11-02_0-r295-end,red,0.17678971872546861
Dataset_2_2025_08_21_10-12-34_0-r215-end_1,25.0,32.790530375725645,29.1,3.6905303757256434,-16.50941623961712,Dataset_2,multiple_fish,2025_08_21,10-12-34_0-r215-end,red,12.682234968129357
Dataset_2_2025_08_21_10-12-34_0-r215-end_12,10.0,27.73801869582589,29.1,1.3619813041741118,-21.875434535895433,Dataset_2,multiple_fish,2025_08_21,10-12-34_0-r215-end,red,4.680348124309662
Dataset_2_2025_08_21_10-12-34_0-r215-end_15,18.0,32.07710808832339,32.3,0.22289191167660505,-16.137688899674888,Dataset_2,multiple_fish,2025_08_21,10-12-34_0-r215-end,no_mark,0.6900678380080653
Dataset_2_2025_08_21_10-12-34_0-r215-end_2,19.0,29.88125141812122,29.1,0.7812514181212187,13.210976114694038,Dataset_2,multiple_fish,2025_08_21,10-12-34_0-r215-end,red,2.684712777048861
Dataset_2_2025_08_21_10-12-34_0-r215-end_4,14.0,31.1985317251731,32.3,1.101468274826896,-7.910826051297262,Dataset_2,multiple_fish,2025_08_21,10-12-34_0-r215-end,no_mark,3.410118497916087
Dataset_2_2025_08_21_10-12-34_0-r215-end_6,9.0,28.35658530631014,29.1,0.7434146936898607,-9.326724094286114,Dataset_2,multiple_fish,2025_08_21,10-12-34_0-r215-end,red,2.5546896690373218
Dataset_2_2025_08_21_10-14-05_0-r0-528_1,13.0,27.49362799260059,29.1,1.6063720073994112,7.60236689065411,Dataset_2,multiple_fish,2025_08_21,10-14-05_0-r0-528,red,5.520178719585606
Dataset_2_2025_08_21_10-14-05_0-r0-528_10,10.0,27.510712916727257,29.1,1.589287083272744,9.222276025415866,Dataset_2,multiple_fish,2025_08_21,10-14-05_0-r0-528,red,5.461467640112522
Dataset_2_2025_08_21_10-14-05_0-r0-528_13,18.0,32.46535642365443,32.3,0.16535642365442982,16.21817708436439,Dataset_2,multiple_fish,2025_08_21,10-14-05_0-r0-528,no_mark,0.5119393921189778
Dataset_2_2025_08_21_10-14-05_0-r0-528_17,8.0,29.55325056616115,32.3,2.746749433838847,8.724289548987395,Dataset_2,multiple_fish,2025_08_21,10-14-05_0-r0-528,no_mark,8.503868216219342
Dataset_2_2025_08_21_10-14-05_0-r0-528_6,34.0,28.664377124148206,29.1,0.43562287585179504,-9.126678668241079,Dataset_2,multiple_fish,2025_08_21,10-14-05_0-r0-528,red,1.4969858276693986
Dataset_2_2025_08_21_10-15-37_0-r496-end_5,20.0,28.406704950415545,29.1,0.6932950495844565,-1.2262416988293106,Dataset_2,multiple_fish,2025_08_21,10-15-37_0-r496-end,red,2.382457215066861
Dataset_2_2025_08_21_10-15-37_0-r496-end_6,21.0,31.75493650132776,32.3,0.5450634986722385,-17.317692108011958,Dataset_2,multiple_fish,2025_08_21,10-15-37_0-r496-end,no_mark,1.6875030918645155
Dataset_2_2025_08_21_10-18-24_0_compressed-r47-end_1,21.0,27.799246011807853,29.1,1.3007539881921488,7.360009586195012,Dataset_2,multiple_fish,2025_08_21,10-18-24_0_compressed-r47-end,red,4.469944976605323
Dataset_2_2025_08_21_10-18-24_0_compressed-r47-end_10,11.0,27.72785726332467,29.1,1.3721427366753325,12.526112237542412,Dataset_2,multiple_fish,2025_08_21,10-18-24_0_compressed-r47-end,red,4.715267136341349
Dataset_2_2025_08_21_10-18-24_0_compressed-r47-end_5,8.0,31.28589498087717,32.3,1.0141050191228267,10.901574587798333,Dataset_2,multiple_fish,2025_08_21,10-18-24_0_compressed-r47-end,no_mark,3.1396440220520954
Dataset_2_2025_08_21_10-19-44_0_compressed-r383-534_1,47.0,32.03146031269907,32.3,0.2685396873009296,0.8472867231030292,Dataset_2,multiple_fish,2025_08_21,10-19-44_0_compressed-r383-534,no_mark,0.8313922207459121
Dataset_2_2025_08_21_10-19-44_0_compressed-r383-534_2,16.0,27.71931629095008,29.1,1.3806837090499222,5.168586778979142,Dataset_2,multiple_fish,2025_08_21,10-19-44_0_compressed-r383-534,red,4.744617556872584
Dataset_2_2025_08_21_10-19-44_0_compressed-r588-end_1,39.0,29.851667566124878,29.1,0.7516675661248762,12.424598300543295,Dataset_2,multiple_fish,2025_08_21,10-19-44_0_compressed-r588-end,red,2.5830500554119453
Dataset_2_2025_08_21_10-19-44_0_compressed-r588-end_2,40.0,31.861349657849214,32.3,0.43865034215078325,-10.678155110317284,Dataset_2,multiple_fish,2025_08_21,10-19-44_0_compressed-r588-end,no_mark,1.3580505948940658
Dataset_2_2025_08_21_10-20-29_1_compressed-r0-78_1,10.0,29.3758112962727,29.1,0.27581129627269974,3.966123068683025,Dataset_2,multiple_fish,2025_08_21,10-20-29_1_compressed-r0-78,red,0.9478051418305832
Dataset_2_2025_08_21_10-22-00_1_compressed_1,6.0,22.05261452986434,29.1,7.047385470135662,-7.03479676274537,Dataset_2,multiple_fish,2025_08_21,10-22-00_1_compressed,red,24.217819485002273
Dataset_2_2025_08_21_10-22-00_1_compressed_2,58.0,32.053749096153744,32.3,0.2462509038462528,11.566431185608835,Dataset_2,multiple_fish,2025_08_21,10-22-00_1_compressed,no_mark,0.762386699214405
Dataset_2_2025_08_21_10-37-15_1-r_1,40.0,32.15197127829359,32.3,0.14802872170641024,16.709857619678747,Dataset_2,multiple_fish,2025_08_21,10-37-15_1-r,no_mark,0.4582932560569977
Dataset_2_2025_08_21_10-37-15_1-r_2,27.0,29.16346142817792,29.1,0.06346142817792,7.376928226756037,Dataset_2,multiple_fish,2025_08_21,10-37-15_1-r,red,0.2180805092024742
Dataset_2_2025_08_21_10-37-15_1-r_6,13.0,32.84811106077201,29.1,3.748111060772011,6.486303888251893,Dataset_2,multiple_fish,2025_08_21,10-37-15_1-r,red,12.880106738048147
Dataset_2_2025_08_21_10-37-15_1-r_8,13.0,33.24452965250452,32.3,0.9445296525045208,-8.774680905680405,Dataset_2,multiple_fish,2025_08_21,10-37-15_1-r,no_mark,2.924240410230715
Dataset_2_2025_08_21_12-07-32_0_1,196.0,29.523560962109542,29.1,0.42356096210954064,5.018009269490241,Dataset_2,single_fish,2025_08_21,12-07-32_0,red,1.4555359522664626
Dataset_2_2025_08_21_12-08-05_1_2,27.0,29.063507106846725,29.1,0.03649289315327664,11.447987192621476,Dataset_2,single_fish,2025_08_21,12-08-05_1,red,0.12540513111091628
Dataset_2_2025_08_21_12-08-05_1_8,26.0,29.07944308233838,29.1,0.020556917661622265,-0.40208421944748535,Dataset_2,single_fish,2025_08_21,12-08-05_1,red,0.07064232873409713
Dataset_2_2025_08_21_12-09-03_0_compressed_1,11.0,17.28788312817867,29.1,11.812116871821331,-9.405450271642616,Dataset_2,single_fish,2025_08_21,12-09-03_0_compressed,red,40.59146691347536
Dataset_2_2025_08_21_12-09-03_0_compressed_3,16.0,29.28369480496747,29.1,0.1836948049674696,10.556100879536528,Dataset_2,single_fish,2025_08_21,12-09-03_0_compressed,red,0.6312536253177649
Dataset_2_2025_08_21_12-09-37_1_compressed_1,112.0,30.971488529030168,29.1,1.8714885290301666,-3.574029823205921,Dataset_2,single_fish,2025_08_21,12-09-37_1_compressed,red,6.43123205852291
Dataset_2_2025_08_21_12-11-09_1_compressed_1,66.0,29.9180105566484,29.1,0.8180105566483995,-8.523906441660019,Dataset_2,single_fish,2025_08_21,12-11-09_1_compressed,red,2.811032840716149
Dataset_2_2025_08_21_12-12-06_0_compressed_1,73.0,31.57647683607904,29.1,2.476476836079037,-9.503630028976232,Dataset_2,single_fish,2025_08_21,12-12-06_0_compressed,red,8.51022967724755
Dataset_2_2025_08_21_12-13-38_0_compressed_9,15.0,25.92588870983813,29.1,3.1741112901618713,-3.9123281358240387,Dataset_2,single_fish,2025_08_21,12-13-38_0_compressed,red,10.907598935264161
Dataset_2_2025_08_21_12-14-12_1_compressed_1,36.0,29.497695692844534,29.1,0.39769569284453254,-4.720584651454973,Dataset_2,single_fish,2025_08_21,12-14-12_1_compressed,red,1.366651865445129
Dataset_2_2025_08_21_13-05-55_0-r_1,22.0,28.499530008411945,29.1,0.6004699915880565,8.860471053744234,Dataset_2,multiple_fish,2025_08_21,13-05-55_0-r,red,2.0634707614709846
Dataset_2_2025_08_21_13-05-55_0-r_10,47.0,35.966570106549426,29.1,6.866570106549425,6.5485912250285345,Dataset_2,multiple_fish,2025_08_21,13-05-55_0-r,red,23.59646084724888
Dataset_2_2025_08_21_13-05-55_0-r_15,65.0,27.646173153884856,26.6,1.0461731538848547,4.06826235138819,Dataset_2,multiple_fish,2025_08_21,13-05-55_0-r,black,3.9329817815220096
Dataset_2_2025_08_21_13-05-55_0-r_2,15.0,31.00422973848136,32.3,1.295770261518637,12.275960159523388,Dataset_2,multiple_fish,2025_08_21,13-05-55_0-r,no_mark,4.01167263628061
Dataset_2_2025_08_21_13-05-55_0-r_20,46.0,30.494566914279552,29.1,1.394566914279551,3.33510401233006,Dataset_2,multiple_fish,2025_08_21,13-05-55_0-r,red,4.79232616590911
Dataset_2_2025_08_21_13-05-55_0-r_26,21.0,31.82506938908744,32.3,0.4749306109125584,-0.3033018750140523,Dataset_2,multiple_fish,2025_08_21,13-05-55_0-r,no_mark,1.4703734083980136
Dataset_2_2025_08_21_13-05-55_0-r_3,16.0,27.43027752716587,26.6,0.8302775271658689,9.686274089141193,Dataset_2,multiple_fish,2025_08_21,13-05-55_0-r,black,3.1213440870897324
Dataset_2_2025_08_21_13-05-55_0-r_34,32.0,31.01000681917252,32.3,1.2899931808274765,1.3360367600486511,Dataset_2,multiple_fish,2025_08_21,13-05-55_0-r,no_mark,3.9937869375463677
Dataset_2_2025_08_21_13-05-55_0-r_38,19.0,28.79026721000657,29.1,0.3097327899934328,-10.117921958928688,Dataset_2,multiple_fish,2025_08_21,13-05-55_0-r,red,1.064373848774683
Dataset_2_2025_08_21_13-05-55_0-r_42,10.0,25.48512972931088,29.1,3.6148702706891207,-5.246114588513008,Dataset_2,multiple_fish,2025_08_21,13-05-55_0-r,red,12.422234607179108
Dataset_2_2025_08_21_13-05-55_0-r_49,8.0,28.74399946382715,26.6,2.14399946382715,12.631549816153488,Dataset_2,multiple_fish,2025_08_21,13-05-55_0-r,black,8.060148360252443
Dataset_2_2025_08_21_13-05-55_0-r_8,25.0,27.264166623219655,26.6,0.6641666232196535,9.686128891203309,Dataset_2,multiple_fish,2025_08_21,13-05-55_0-r,black,2.4968670045851633
Dataset_2_2025_08_21_13-22-22_0_compressed-r378-463_1,32.0,26.636903493525903,26.6,0.03690349352590161,5.445928520862475,Dataset_2,multiple_fish,2025_08_21,13-22-22_0_compressed-r378-463,black,0.13873493806729928
Dataset_2_2025_08_21_13-22-22_0_compressed-r378-463_3,6.0,27.117324157933908,29.1,1.9826758420660937,-8.639564069434774,Dataset_2,multiple_fish,2025_08_21,13-22-22_0_compressed-r378-463,red,6.813319044900664
Dataset_2_2025_08_21_13-22-22_0_compressed-r60-297_1,48.0,33.51627976358749,32.3,1.2162797635874938,8.5343201090822,Dataset_2,multiple_fish,2025_08_21,13-22-22_0_compressed-r60-297,no_mark,3.765572023490693
Dataset_2_2025_08_21_13-22-22_0_compressed-r60-297_9,34.0,32.1965295517413,29.1,3.0965295517412983,5.188687410145085,Dataset_2,multiple_fish,2025_08_21,13-22-22_0_compressed-r60-297,red,10.640995023165974
Dataset_2_2025_08_21_13-23-54_0_compressed-r450-524_1,19.0,33.77632217245295,32.3,1.476322172452953,7.832630169286041,Dataset_2,multiple_fish,2025_08_21,13-23-54_0_compressed-r450-524,no_mark,4.570656880659298
Dataset_2_2025_08_21_13-23-54_0_compressed-r450-524_2,25.0,27.35560101448907,26.6,0.7556010144890699,-4.799787798708319,Dataset_2,multiple_fish,2025_08_21,13-23-54_0_compressed-r450-524,black,2.8406053176280825
Dataset_2_2025_08_21_13-23-54_0_compressed-r450-524_3,20.0,28.70862320476344,29.1,0.3913767952365603,2.104247948418255,Dataset_2,multiple_fish,2025_08_21,13-23-54_0_compressed-r450-524,red,1.3449374406754648
Dataset_2_2025_08_21_13-23-54_0_compressed-r602-end_1,28.0,28.600973821607596,29.1,0.4990261783924055,-3.69702666111283,Dataset_2,multiple_fish,2025_08_21,13-23-54_0_compressed-r602-end,red,1.7148665924137645
Dataset_2_2025_08_21_13-23-54_0_compressed-r602-end_2,25.0,25.88780182099245,26.6,0.7121981790075509,13.423062580265563,Dataset_2,multiple_fish,2025_08_21,13-23-54_0_compressed-r602-end,black,2.6774367631862814
Dataset_2_2025_08_21_13-33-04_0_1,21.0,28.303970280517582,29.1,0.7960297194824193,-3.1160972713958817,Dataset_2,single_fish,2025_08_21,13-33-04_0,red,2.735497317809001
Dataset_2_2025_08_21_13-33-04_0_3,71.0,29.47220345283958,29.1,0.3722034528395781,1.4925821121497733,Dataset_2,single_fish,2025_08_21,13-33-04_0,red,1.2790496661153887
Dataset_2_2025_08_21_13-33-43_1_1,107.0,29.71227716833918,29.1,0.6122771683391797,5.844288160448404,Dataset_2,single_fish,2025_08_21,13-33-43_1,red,2.1040452520246724
Dataset_2_2025_08_21_13-34-25_0_compressed_1,41.0,28.674844438110426,29.1,0.42515556188957504,-20.527932180890026,Dataset_2,single_fish,2025_08_21,13-34-25_0_compressed,red,1.4610156765964777
Dataset_2_2025_08_21_13-35-56_0_compressed_1,13.0,30.54040355509771,29.1,1.44040355509771,-14.650624446778524,Dataset_2,single_fish,2025_08_21,13-35-56_0_compressed,red,4.949840395524776
Dataset_2_2025_08_21_13-36-41_1_compressed_1,102.0,31.204269279025194,29.1,2.1042692790251927,13.392334771925261,Dataset_2,single_fish,2025_08_21,13-36-41_1_compressed,red,7.231165907303068
Dataset_2_2025_08_21_13-37-28_0_compressed_1,92.0,28.36657668468982,29.1,0.7334233153101799,5.6326747368933034,Dataset_2,single_fish,2025_08_21,13-37-28_0_compressed,red,2.5203550354301716
Dataset_2_2025_08_21_13-37-28_0_compressed_3,72.0,30.497422395837948,29.1,1.3974223958379461,-13.64882702479047,Dataset_2,single_fish,2025_08_21,13-37-28_0_compressed,red,4.80213881731253
Dataset_2_2025_08_21_13-38-13_1_compressed_1,93.0,29.998858209069695,29.1,0.8988582090696937,3.273811807279781,Dataset_2,single_fish,2025_08_21,13-38-13_1_compressed,red,3.0888598249817654
Dataset_2_2025_08_21_13-38-54_0_compressed_1,104.0,29.867585809295825,29.1,0.7675858092958237,-3.7380165685353037,Dataset_2,single_fish,2025_08_21,13-38-54_0_compressed,red,2.6377519219787753
Dataset_2_2025_08_21_13-40-21_0_compressed_1,11.0,21.248788133637532,29.1,7.851211866362469,-19.625151649471498,Dataset_2,single_fish,2025_08_21,13-40-21_0_compressed,red,26.980109506400236
Dataset_2_2025_08_21_13-43-24_0_compressed_1,12.0,30.69194816233058,29.1,1.5919481623305778,-23.580819911858455,Dataset_2,single_fish,2025_08_21,13-43-24_0_compressed,red,5.470612241685834
Dataset_2_2025_08_21_13-52-34_0_compressed_1,46.0,31.11872228509535,29.1,2.0187222850953503,-10.358975417771623,Dataset_2,single_fish,2025_08_21,13-52-34_0_compressed,red,6.937189983145534
Dataset_2_2025_08_21_13-52-34_0_compressed_2,230.0,29.83322412490612,29.1,0.7332241249061191,-24.52732693200073,Dataset_2,single_fish,2025_08_21,13-52-34_0_compressed,red,2.519670532323433
Dataset_2_2025_08_21_13-54-05_0_compressed_1,529.0,28.61277801762206,29.1,0.48722198237794245,-25.783269766765077,Dataset_2,single_fish,2025_08_21,13-54-05_0_compressed,red,1.6743023449413827
Dataset_2_2025_08_21_13-55-37_0_compressed_1,179.0,28.55718781401679,29.1,0.5428121859832125,-25.565623321976112,Dataset_2,single_fish,2025_08_21,13-55-37_0_compressed,red,1.8653339724509017
Dataset_2_2025_08_21_13-57-08_0_compressed_1,227.0,28.394916541418546,29.1,0.7050834585814556,-25.750360910698717,Dataset_2,single_fish,2025_08_21,13-57-08_0_compressed,red,2.422967211620122
Dataset_2_2025_08_21_13-58-40_0_compressed_1,99.0,31.15098524818433,29.1,2.050985248184329,-8.131899321807914,Dataset_2,single_fish,2025_08_21,13-58-40_0_compressed,red,7.048059272111096
