Dataset_ID,Bagfile_Name,Date,Dataset_Type,Image_Format,Duration_Sec,Num_Images_Left,Num_Images_Right,Frame_Rate_FPS,Size_GB,Fishes_Present
Dataset 2,stereo_camera_images_2025-08-21-13-35-09_1_compressed.bag,2025_08_21,single_fish,Compressed,"16.38",246,246,"15.02","1,01",D_labrax_D_labrax_red (N/Acm)
Dataset 2,stereo_camera_images_2025-08-21-13-34-25_0_compressed.bag,2025_08_21,single_fish,Compressed,"44.43",667,668,"15.01","2,74",D_labrax_D_labrax_red (N/Acm)
Dataset 2,stereo_camera_images_2025-08-21-13-36-41_1_compressed.bag,2025_08_21,single_fish,Compressed,"16.58",250,250,"15.07","1,03",D_labrax_D_labrax_red (N/Acm)
Dataset 2,stereo_camera_images_2025-08-21-13-35-56_0_compressed.bag,2025_08_21,single_fish,Compressed,"44.43",667,667,"15.01","2,74",D_labrax_D_labrax_red (N/Acm)
Dataset 2,stereo_camera_images_2025-08-21-13-51-02_0_compressed.bag,2025_08_21,single_fish,Compressed,"60.95",611,611,"10.02","2,51",D_labrax_D_labrax_red (N/Acm)
Dataset 2,stereo_camera_images_2025-08-21-13-57-08_0_compressed.bag,2025_08_21,single_fish,Compressed,"60.95",611,610,"10.02","2,37",D_labrax_D_labrax_red (N/Acm)
Dataset 2,stereo_camera_images_2025-08-21-12-09-37_1_compressed.bag,2025_08_21,single_fish,Compressed,"27.68",555,555,"20.05","2,5",D_labrax_D_labrax_red (N/Acm)
Dataset 2,stereo_camera_images_2025-08-21-12-09-03_0_compressed.bag,2025_08_21,single_fish,Compressed,"33.32",667,667,"20.02","2,89",D_labrax_D_labrax_red (N/Acm)
Dataset 2,stereo_camera_images_2025-08-21-13-58-40_0_compressed.bag,2025_08_21,single_fish,Compressed,"60.85",610,610,"10.02","2,43",D_labrax_D_labrax_red (N/Acm)
Dataset 2,stereo_camera_images_2025-08-21-13-41-52_0_compressed.bag,2025_08_21,single_fish,Compressed,"60.95",611,611,"10.02","2,51",D_labrax_D_labrax_red (N/Acm)
Dataset 2,stereo_camera_images_2025-08-21-13-49-30_0_compressed.bag,2025_08_21,single_fish,Compressed,"60.96",611,611,"10.02","2,51",D_labrax_D_labrax_red (N/Acm)
Dataset 2,stereo_camera_images_2025-08-21-13-38-13_1_compressed.bag,2025_08_21,single_fish,Compressed,"16.45",248,248,"15.07","1,02",D_labrax_D_labrax_red (N/Acm)
Dataset 2,stereo_camera_images_2025-08-21-13-37-28_0_compressed.bag,2025_08_21,single_fish,Compressed,"44.43",667,667,"15.01","2,73",D_labrax_D_labrax_red (N/Acm)
Dataset 2,stereo_camera_images_2025-08-21-12-15-10_0_compressed.bag,2025_08_21,single_fish,Compressed,"33.32",667,667,"20.02","2,89",D_labrax_D_labrax_red (N/Acm)
Dataset 2,stereo_camera_images_2025-08-21-12-15-43_1_compressed.bag,2025_08_21,single_fish,Compressed,"27.67",555,555,"20.06","2,49",D_labrax_D_labrax_red (N/Acm)
Dataset 2,stereo_camera_images_2025-08-21-13-46-27_0_compressed.bag,2025_08_21,single_fish,Compressed,"60.86",610,610,"10.02","2,51",D_labrax_D_labrax_red (N/Acm)
Dataset 2,stereo_camera_images_2025-08-21-13-55-37_0_compressed.bag,2025_08_21,single_fish,Compressed,"60.95",611,611,"10.02","2,37",D_labrax_D_labrax_red (N/Acm)
Dataset 2,stereo_camera_images_2025-08-21-13-44-56_0_compressed.bag,2025_08_21,single_fish,Compressed,"60.85",610,610,"10.02","2,5",D_labrax_D_labrax_red (N/Acm)
Dataset 2,stereo_camera_images_2025-08-21-13-52-34_0_compressed.bag,2025_08_21,single_fish,Compressed,"60.95",611,611,"10.02","2,47",D_labrax_D_labrax_red (N/Acm)
Dataset 2,stereo_camera_images_2025-08-21-13-38-54_0_compressed.bag,2025_08_21,single_fish,Compressed,"60.96",611,611,"10.02","2,51",D_labrax_D_labrax_red (N/Acm)
Dataset 2,stereo_camera_images_2025-08-21-12-08-05_1_compressed.bag,2025_08_21,single_fish,Compressed,"27.48",551,551,"20.05","2,46",D_labrax_D_labrax_red (N/Acm)
Dataset 2,stereo_camera_images_2025-08-21-12-07-32_0_compressed.bag,2025_08_21,single_fish,Compressed,"33.32",667,667,"20.02",3,D_labrax_D_labrax_red (N/Acm)
Dataset 2,stereo_camera_images_2025-08-21-13-47-59_0_compressed.bag,2025_08_21,single_fish,Compressed,"60.95",611,610,"10.03","2,51",D_labrax_D_labrax_red (N/Acm)
Dataset 2,stereo_camera_images_2025-08-21-12-12-40_1_compressed.bag,2025_08_21,single_fish,Compressed,"27.72",556,556,"20.06","2,39",D_labrax_D_labrax_red (N/Acm)
Dataset 2,stereo_camera_images_2025-08-21-12-12-06_0_compressed.bag,2025_08_21,single_fish,Compressed,"33.32",667,667,"20.02","2,96",D_labrax_D_labrax_red (N/Acm)
Dataset 2,stereo_camera_images_2025-08-21-13-43-24_0_compressed.bag,2025_08_21,single_fish,Compressed,"60.96",611,611,"10.02","2,51",D_labrax_D_labrax_red (N/Acm)
Dataset 2,stereo_camera_images_2025-08-21-13-40-21_0_compressed.bag,2025_08_21,single_fish,Compressed,"60.96",611,611,"10.02","2,5",D_labrax_D_labrax_red (N/Acm)
Dataset 2,stereo_camera_images_2025-08-21-12-13-38_0_compressed.bag,2025_08_21,single_fish,Compressed,"33.32",667,667,"20.02",3,D_labrax_D_labrax_red (N/Acm)
Dataset 2,stereo_camera_images_2025-08-21-12-14-12_1_compressed.bag,2025_08_21,single_fish,Compressed,"27.62",554,554,"20.06","2,46",D_labrax_D_labrax_red (N/Acm)
Dataset 2,stereo_camera_images_2025-08-21-12-11-09_1_compressed.bag,2025_08_21,single_fish,Compressed,"27.42",550,550,"20.06","2,37",D_labrax_D_labrax_red (N/Acm)
Dataset 2,stereo_camera_images_2025-08-21-12-10-35_0_compressed.bag,2025_08_21,single_fish,Compressed,"33.32",667,667,"20.02","2,88",D_labrax_D_labrax_red (N/Acm)
Dataset 2,stereo_camera_images_2025-08-21-13-54-05_0_compressed.bag,2025_08_21,single_fish,Compressed,"60.95",611,611,"10.02","2,37",D_labrax_D_labrax_red (N/Acm)
Dataset 2,stereo_camera_images_2025-08-21-13-33-04_0_compressed.bag,2025_08_21,single_fish,Compressed,"39.16",667,667,"17.03","2,75",D_labrax_D_labrax_red (N/Acm)
Dataset 2,stereo_camera_images_2025-08-21-13-33-43_1_compressed.bag,2025_08_21,single_fish,Compressed,"21.75",371,371,"17.06","1,53",D_labrax_D_labrax_red (N/Acm)
Dataset_2,r398-end_stereo_camera_images_2025-08-21-10-09-31_0.bag,2025_08_21,multiple_fish,Raw,"21.28",214,212,"10,06","1,25","no_mark (32.3cm), red (29.1cm)"
Dataset_2,r0-528_stereo_camera_images_2025-08-21-10-14-05_0.bag,2025_08_21,multiple_fish,Raw,"52.66",528,527,"10,03","3,09","no_mark (32.3cm), red (29.1cm)"
Dataset_2,r295-end_stereo_camera_images_2025-08-21-10-11-02_0.bag,2025_08_21,multiple_fish,Raw,"31.47",316,315,"10,04","1,85","no_mark (32.3cm), red (29.1cm)"
Dataset_2,r602-end_stereo_camera_images_2025-08-21-13-23-54_0_compressed.bag,2025_08_21,multiple_fish,Compressed,"3.87",66,65,"17,04","0,27","black (26.6cm), no_mark (32.3cm), red (29.1cm)"
Dataset_2,r0-78_stereo_camera_images_2025-08-21-10-20-29_1_compressed.bag,2025_08_21,multiple_fish,Compressed,"5.13",77,77,"15,01","0,33","no_mark (32.3cm), red (29.1cm)"
Dataset_2,r378-463_stereo_camera_images_2025-08-21-13-22-22_0_compressed.bag,2025_08_21,multiple_fish,Compressed,"4.99",85,85,"17,02","0,35","black (26.6cm), no_mark (32.3cm), red (29.1cm)"
Dataset_2,r50-end_stereo_camera_images_2025-08-21-10-07-59_0.bag,2025_08_21,multiple_fish,Raw,"55.95",561,561,"10,03","3,29","no_mark (32.3cm), red (29.1cm)"
Dataset_2,r383-534_stereo_camera_images_2025-08-21-10-19-44_0_compressed.bag,2025_08_21,multiple_fish,Compressed,"10.06",151,150,"15,02","0,64","no_mark (32.3cm), red (29.1cm)"
Dataset_2,r0-344_stereo_camera_images_2025-08-21-10-09-31_0.bag,2025_08_21,multiple_fish,Raw,"34.27",343,343,"10,01","2,01","no_mark (32.3cm), red (29.1cm)"
Dataset_2,r215-end_stereo_camera_images_2025-08-21-10-12-34_0.bag,2025_08_21,multiple_fish,Raw,"39.47",396,396,"10,03","2,32","no_mark (32.3cm), red (29.1cm)"
Dataset_2,r496-end_stereo_camera_images_2025-08-21-10-15-37_0.bag,2025_08_21,multiple_fish,Raw,"11.49",115,115,"10,01","0,67","no_mark (32.3cm), red (29.1cm)"
Dataset_2,r_stereo_camera_images_2025-08-21-10-37-15_1.bag,2025_08_21,multiple_fish,Raw,"13,52",204,203,"15,09","1,19","no_mark (32.3cm), red (29.1cm)"
Dataset_2,stereo_camera_images_2025-08-21-10-22-00_1_compressed.bag,2025_08_21,multiple_fish,Compressed,"16.46",248,248,"15,07","1,05","no_mark (32.3cm), red (29.1cm)"
Dataset_2,r450-524_stereo_camera_images_2025-08-21-13-23-54_0_compressed.bag,2025_08_21,multiple_fish,Compressed,"4.35",74,74,"17,01","0,3","black (26.6cm), no_mark (32.3cm), red (29.1cm)"
Dataset_2,r_stereo_camera_images_2025-08-21-13-05-55_0.bag,2025_08_21,multiple_fish,Raw,"51.21",615,616,"12,01","3,61","black (26.6cm), no_mark (32.3cm), red (29.1cm)"
Dataset_2,r47-end_stereo_camera_images_2025-08-21-10-18-24_0_compressed.bag,2025_08_21,multiple_fish,Compressed,"56.25",564,564,"10,03","2,4","no_mark (32.3cm), red (29.1cm)"
Dataset_2,r201-end_stereo_camera_images_2025-08-21-10-01-53_0_compressed.bag,2025_08_21,multiple_fish,Compressed,"40.76",408,408,"10,01","1,77","no_mark (32.3cm), red (29.1cm)"
Dataset_2,r0-304_stereo_camera_images_2025-08-21-13-23-54_0_compressed.bag,2025_08_21,multiple_fish,Compressed,"17.81",303,303,"17,01","1,25","black (26.6cm), no_mark (32.3cm), red (29.1cm)"
Dataset_2,r60-297_stereo_camera_images_2025-08-21-13-22-22_0_compressed.bag,2025_08_21,multiple_fish,Compressed,"13.93",236,237,"16,94","0,98","black (26.6cm), no_mark (32.3cm), red (29.1cm)"
Dataset_2,r588-end_stereo_camera_images_2025-08-21-10-19-44_0_compressed.bag,2025_08_21,multiple_fish,Compressed,"5.26",79,79,"15,01","0,34","no_mark (32.3cm), red (29.1cm)"
Dataset_2,r0-244_stereo_camera_images_2025-08-21-10-11-02_0.bag,2025_08_21,multiple_fish,Raw,"24.28",243,243,"10,01","1,42","no_mark (32.3cm), red (29.1cm)"
